,0,1
biv,gast,brach
0,0,1
0,1,0
0,1,0
0,1,0
0,1,0
0,0,1
0,0,1
0,0,1
0,1,0
0,0,1
0,0,1
0,1,0
0,1,0
0,0,1
1,0,0
1,0,0
1,0,0
0,1,0
0,0,1
1,0,0
0,1,0
0,1,0
0,1,0
0,0,1
0,1,0
0,0,1
0,0,1
0,1,0
0,1,0
0,1,0
0,1,0
0,1,0
0,1,0
1,0,0
0,0,1
0,1,0
0,1,0
0,0,1
0,0,1
0,1,0
0,0,1
0,1,0
0,1,0
0,1,0
0,0,1
0,1,0
0,1,0
0,1,0
1,0,0
0,1,0
0,0,1
0,1,0
0,0,1
0,0,1
0,0,1
0,0,1
0,1,0
0,1,0
0,1,0
0,1,0
0,1,0
0,0,1
0,1,0
0,0,1
0,1,0
0,1,0
0,0,1
0,1,0
0,1,0
0,0,1
0,0,1
0,0,1
0,1,0
0,0,1
0,0,1
0,1,0
0,1,0
0,1,0
0,1,0
0,1,0
0,1,0
0,1,0
1,0,0
0,1,0
0,1,0
0,1,0
0,1,0
0,0,1
0,0,1
0,1,0
0,1,0
0,1,0
0,1,0
0,1,0
0,1,0
0,0,1
0,1,0
0,1,0
0,1,0
0,0,1
0,1,0
0,1,0
0,1,0
0,0,1
0,1,0
0,0,1
0,1,0
0,1,0
0,0,1
0,1,0
0,1,0
0,0,1
0,1,0
0,0,1
0,0,1
0,1,0
0,1,0
0,0,1
0,0,1
0,0,1
0,1,0
0,0,1
0,0,1
0,1,0
0,1,0
0,1,0
0,1,0
0,0,1
0,1,0
0,0,1
0,0,1
0,1,0
0,1,0
0,1,0
0,1,0
0,1,0
0,0,1
0,1,0
0,0,1
0,1,0
0,0,1
0,0,1
0,1,0
0,0,1
0,1,0
0,0,1
0,1,0
0,1,0
0,1,0
0,0,1
0,0,1
0,0,1
0,1,0
0,1,0
0,1,0
0,1,0
0,1,0
0,1,0
0,0,1
0,1,0
0,0,1
0,1,0
0,0,1
0,1,0
0,1,0
0,1,0
1,0,0
0,1,0
0,0,1
0,0,1
0,1,0
0,0,1
0,0,1
0,0,1
0,0,1
0,1,0
0,0,1
0,1,0
0,1,0
0,0,1
0,1,0
0,0,1
0,0,1
0,1,0
0,0,1
0,0,1
0,0,1
0,0,1
0,0,1
0,0,1
0,1,0
0,1,0
0,0,1
0,1,0
0,1,0
0,1,0
0,0,1
0,1,0
0,1,0
0,1,0
0,0,1
0,0,1
0,1,0
0,1,0
0,0,1
0,0,1
0,1,0
0,0,1
0,1,0
1,0,0
0,1,0
0,0,1
0,1,0
0,1,0
0,1,0
0,0,1
0,1,0
0,0,1
0,0,1
0,1,0
0,0,1
1,0,0
0,0,1
0,0,1
0,1,0
0,1,0
0,0,1
0,1,0
0,1,0
0,0,1
0,1,0
0,1,0
0,1,0
0,0,1
0,0,1
0,0,1
0,1,0
0,0,1
0,1,0
0,1,0
0,1,0
0,0,1
0,1,0
0,1,0
0,0,1
0,1,0
0,0,1
0,1,0
0,0,1
0,1,0
0,1,0
0,1,0
0,1,0
0,0,1
0,1,0
0,1,0
0,1,0
0,1,0
0,1,0
1,0,0
0,1,0
0,1,0
0,1,0
0,1,0
1,0,0
0,1,0
0,1,0
0,1,0
0,1,0
1,0,0
0,1,0
0,0,1
0,0,1
0,1,0
0,0,1
1,0,0
0,0,1
0,0,1
0,1,0
1,0,0
0,1,0
0,1,0
0,1,0
0,0,1
0,1,0
1,0,0
0,1,0
0,0,1
0,1,0
0,1,0
0,0,1
0,1,0
0,1,0
0,0,1
0,0,1
0,1,0
0,1,0
0,0,1
0,1,0
0,1,0
0,1,0
0,0,1
0,1,0
0,1,0
0,0,1
0,1,0
0,1,0
0,0,1
0,1,0
0,1,0
0,0,1
1,0,0
0,1,0
0,0,1
0,0,1
0,0,1
0,1,0
0,0,1
1,0,0
0,1,0
0,0,1
0,1,0
0,1,0
0,1,0
1,0,0
0,0,1
0,0,1
0,0,1
0,1,0
1,0,0
0,1,0
0,1,0
0,0,1
0,1,0
0,1,0
0,0,1
0,1,0
0,1,0
0,1,0
0,0,1
0,0,1
0,1,0
0,1,0
0,0,1
0,1,0
1,0,0
0,1,0
1,0,0
1,0,0
0,1,0
0,1,0
0,1,0
0,1,0
0,0,1
1,0,0
0,1,0
0,1,0
0,0,1
1,0,0
0,1,0
0,1,0
0,0,1
0,0,1
0,0,1
0,0,1
0,0,1
0,1,0
0,1,0
0,0,1
0,0,1
0,0,1
0,0,1
0,0,1
0,1,0
0,1,0
0,0,1
0,1,0
0,0,1
0,1,0
0,1,0
0,0,1
0,1,0
0,1,0
0,1,0
0,0,1
0,1,0
0,1,0
0,1,0
0,1,0
0,0,1
0,1,0
0,1,0
0,0,1
0,0,1
1,0,0
1,0,0
0,0,1
0,0,1
0,1,0
0,1,0
0,1,0
0,0,1
0,0,1
0,0,1
0,1,0
0,1,0
0,0,1
0,1,0
0,1,0
0,0,1
0,1,0
0,1,0
0,0,1
0,0,1
0,1,0
0,0,1
0,1,0
0,1,0
0,1,0
0,0,1
0,1,0
0,1,0
0,1,0
0,1,0
0,0,1
0,0,1
0,1,0
0,1,0
0,1,0
0,1,0
0,1,0
0,0,1
0,1,0
0,0,1
0,1,0
0,1,0
0,0,1
0,1,0
0,1,0
0,0,1
0,1,0
0,0,1
0,1,0
0,0,1
1,0,0
0,1,0
1,0,0
1,0,0
0,1,0
0,0,1
0,1,0
0,0,1
0,0,1
0,1,0
0,1,0
0,1,0
0,0,1
0,0,1
0,1,0
0,0,1
0,0,1
0,0,1
0,1,0
0,0,1
0,0,1
0,0,1
1,0,0
0,1,0
0,1,0
0,1,0
1,0,0
0,1,0
0,1,0
0,1,0
0,0,1
0,0,1
0,0,1
0,1,0
0,0,1
0,0,1
0,0,1
0,0,1
0,0,1
0,0,1
0,0,1
0,0,1
0,1,0
0,1,0
0,1,0
0,0,1
0,0,1
0,0,1
0,1,0
0,0,1
0,0,1
0,1,0
0,1,0
0,0,1
0,0,1
0,1,0
0,1,0
0,1,0
0,1,0
0,1,0
1,0,0
0,0,1
0,0,1
0,0,1
0,1,0
0,0,1
0,0,1
0,1,0
0,1,0
1,0,0
0,1,0
0,0,1
0,0,1
0,1,0
0,0,1
0,0,1
0,1,0
1,0,0
0,1,0
0,1,0
0,1,0
1,0,0
0,1,0
0,0,1
0,0,1
0,1,0
0,1,0
0,1,0
0,1,0
0,1,0
0,1,0
0,1,0
0,1,0
0,0,1
0,0,1
0,0,1
1,0,0
0,1,0
0,0,1
0,1,0
0,1,0
0,0,1
0,1,0
0,0,1
0,0,1
0,1,0
0,0,1
0,1,0
0,0,1
0,0,1
0,0,1
1,0,0
0,0,1
0,1,0
0,1,0
0,0,1
0,1,0
0,1,0
0,0,1
0,0,1
0,1,0
0,1,0
0,1,0
0,0,1
0,0,1
0,1,0
0,0,1
0,1,0
0,1,0
0,1,0
0,0,1
0,1,0
0,0,1
0,0,1
0,1,0
0,0,1
0,1,0
0,1,0
0,1,0
0,0,1
0,0,1
0,0,1
0,1,0
0,1,0
0,1,0
0,0,1
0,1,0
0,1,0
0,1,0
0,1,0
0,1,0
0,0,1
0,1,0
0,0,1
0,1,0
0,1,0
0,1,0
0,1,0
0,1,0
0,0,1
0,1,0
0,1,0
0,0,1
0,1,0
0,1,0
0,1,0
0,1,0
0,1,0
0,1,0
0,1,0
0,1,0
0,1,0
0,1,0
0,1,0
1,0,0
0,1,0
0,1,0
0,1,0
0,1,0
0,1,0
0,1,0
0,1,0
0,1,0
0,0,1
0,0,1
0,0,1
0,1,0
0,0,1
0,0,1
0,0,1
0,1,0
1,0,0
0,0,1
0,0,1
0,1,0
0,1,0
0,0,1
0,0,1
0,1,0
1,0,0
0,1,0
0,1,0
0,0,1
0,0,1
0,1,0
0,0,1
0,0,1
0,1,0
0,1,0
0,1,0
0,1,0
0,1,0
0,1,0
0,1,0
0,1,0
0,0,1
0,1,0
0,1,0
0,1,0
0,1,0
0,1,0
1,0,0
1,0,0
0,1,0
0,1,0
0,0,1
0,1,0
0,0,1
0,1,0
0,1,0
0,0,1
0,1,0
0,1,0
0,1,0
0,0,1
0,1,0
0,1,0
0,1,0
1,0,0
0,1,0
0,1,0
0,0,1
0,0,1
0,1,0
0,1,0
0,1,0
0,1,0
0,1,0
0,0,1
1,0,0
0,1,0
0,0,1
0,0,1
0,1,0
0,0,1
0,0,1
0,1,0
0,1,0
0,1,0
0,1,0
0,1,0
0,1,0
0,1,0
0,1,0
1,0,0
0,0,1
0,1,0
0,1,0
0,1,0
0,1,0
0,0,1
0,1,0
0,0,1
0,1,0
0,1,0
0,1,0
0,1,0
0,0,1
1,0,0
0,0,1
0,1,0
0,0,1
0,1,0
0,0,1
0,1,0
0,0,1
0,0,1
1,0,0
0,1,0
0,0,1
0,1,0
0,1,0
0,1,0
0,0,1
0,1,0
0,1,0
0,1,0
0,0,1
0,0,1
0,0,1
0,1,0
0,0,1
0,0,1
0,0,1
0,1,0
0,1,0
0,1,0
0,1,0
0,1,0
0,0,1
0,0,1
0,1,0
0,0,1
0,1,0
0,0,1
0,0,1
0,1,0
0,1,0
0,1,0
0,0,1
0,1,0
0,1,0
0,0,1
0,1,0
0,0,1
0,1,0
0,1,0
0,1,0
1,0,0
1,0,0
0,1,0
0,1,0
0,1,0
0,1,0
0,1,0
0,1,0
0,1,0
0,0,1
0,1,0
0,1,0
0,1,0
0,0,1
0,0,1
0,0,1
0,0,1
0,1,0
0,1,0
0,1,0
0,1,0
0,1,0
0,1,0
0,0,1
0,0,1
0,1,0
0,0,1
0,0,1
0,1,0
0,0,1
0,1,0
0,1,0
0,1,0
0,1,0
0,0,1
1,0,0
0,0,1
0,1,0
0,0,1
1,0,0
0,0,1
0,0,1
0,0,1
0,1,0
0,1,0
0,1,0
0,0,1
0,0,1
0,1,0
0,1,0
0,1,0
0,1,0
0,1,0
0,0,1
0,0,1
0,1,0
0,0,1
0,0,1
1,0,0
0,1,0
0,1,0
0,0,1
0,1,0
0,0,1
0,0,1
0,0,1
0,1,0
0,1,0
0,1,0
0,1,0
0,1,0
0,1,0
0,0,1
0,0,1
0,1,0
0,1,0
0,1,0
0,1,0
0,1,0
0,0,1
0,1,0
0,1,0
0,1,0
0,1,0
0,0,1
0,0,1
0,1,0
0,0,1
0,0,1
0,1,0
0,0,1
0,1,0
0,1,0
0,1,0
0,1,0
1,0,0
0,1,0
0,1,0
0,1,0
0,1,0
0,0,1
0,0,1
1,0,0
0,0,1
1,0,0
0,0,1
0,0,1
0,0,1
0,1,0
0,0,1
0,1,0
0,1,0
0,1,0
0,1,0
0,1,0
0,0,1
0,1,0
0,0,1
0,1,0
0,1,0
1,0,0
0,1,0
0,0,1
0,1,0
0,0,1
0,1,0
0,0,1
0,1,0
0,1,0
0,1,0
0,0,1
0,1,0
0,1,0
0,1,0
0,1,0
0,0,1
0,1,0
0,0,1
0,1,0
0,1,0
0,1,0
0,0,1
0,0,1
0,0,1
1,0,0
0,0,1
0,1,0
0,1,0
0,1,0
0,1,0
0,1,0
0,0,1
0,1,0
0,1,0
0,0,1
0,0,1
0,1,0
0,0,1
0,0,1
1,0,0
0,1,0
0,0,1
0,0,1
0,0,1
0,0,1
0,0,1
0,1,0
0,1,0
0,1,0
0,1,0
1,0,0
0,0,1
0,1,0
0,1,0
0,0,1
0,0,1
0,0,1
1,0,0
0,0,1
0,0,1
0,0,1
0,0,1
0,0,1
0,0,1
0,1,0
0,1,0
0,1,0
0,1,0
0,1,0
0,0,1
0,1,0
0,1,0
0,1,0
0,0,1
0,1,0
0,1,0
0,0,1
0,0,1
0,0,1
0,0,1
1,0,0
0,0,1
0,1,0
0,0,1
0,1,0
0,0,1
0,1,0
0,1,0
0,1,0
0,1,0
0,0,1
0,1,0
0,0,1
0,1,0
0,0,1
0,0,1
0,1,0
0,1,0
0,0,1
0,1,0
0,1,0
0,0,1
0,1,0
0,1,0
0,0,1
0,0,1
0,1,0
0,1,0
0,1,0
0,0,1
0,1,0
0,0,1
1,0,0
0,1,0
0,0,1
0,0,1
0,0,1
0,1,0
0,1,0
0,0,1
0,1,0
0,1,0
0,1,0
1,0,0
1,0,0
0,1,0
0,1,0
0,0,1
0,1,0
0,1,0
0,0,1
0,1,0
0,1,0
0,1,0
0,0,1
0,1,0
0,0,1
0,0,1
0,1,0
0,1,0
0,1,0
0,0,1
0,1,0
0,1,0
0,0,1
0,1,0
0,0,1
0,0,1
0,0,1
0,0,1
0,1,0
0,1,0
1,0,0
0,1,0
1,0,0
0,0,1
0,1,0
0,1,0
0,0,1
0,1,0
0,1,0
0,1,0
0,0,1
0,0,1
0,1,0
0,0,1
0,1,0
0,1,0
0,0,1
0,1,0
0,1,0
0,1,0
0,1,0
0,1,0
0,0,1
0,1,0
0,1,0
0,0,1
1,0,0
0,0,1
0,1,0
0,0,1
0,0,1
0,0,1
1,0,0
0,0,1
0,1,0
0,1,0
0,1,0
0,1,0
0,1,0
0,1,0
0,1,0
0,1,0
0,0,1
0,1,0
0,1,0
0,1,0
0,0,1
0,1,0
0,1,0
0,0,1
0,1,0
0,0,1
0,0,1
0,0,1
0,1,0
0,1,0
0,1,0
0,1,0
0,1,0
0,0,1
0,1,0
0,1,0
0,1,0
0,0,1
0,0,1
0,1,0
0,1,0
0,0,1
0,0,1
0,1,0
0,1,0
0,1,0
0,0,1
0,0,1
0,1,0
1,0,0
0,1,0
0,1,0
0,0,1
0,1,0
0,0,1
0,1,0
1,0,0
0,0,1
0,1,0
0,1,0
0,1,0
0,1,0
0,1,0
0,0,1
0,0,1
0,0,1
0,1,0
0,0,1
0,1,0
0,1,0
0,1,0
0,1,0
0,1,0
0,1,0
0,0,1
0,1,0
1,0,0
0,1,0
0,1,0
0,1,0
0,1,0
0,0,1
0,0,1
0,0,1
0,1,0
0,1,0
1,0,0
0,1,0
0,1,0
0,1,0
0,1,0
0,0,1
0,0,1
0,1,0
0,1,0
0,1,0
0,1,0
0,1,0
0,1,0
0,1,0
0,0,1
0,0,1
0,0,1
0,0,1
0,0,1
0,1,0
0,0,1
0,0,1
0,0,1
0,0,1
0,0,1
0,1,0
0,0,1
0,1,0
0,0,1
0,0,1
0,1,0
0,0,1
0,1,0
0,1,0
0,1,0
0,1,0
0,0,1
0,0,1
0,1,0
0,0,1
0,1,0
0,0,1
0,0,1
0,0,1
0,1,0
0,1,0
0,1,0
0,1,0
0,1,0
0,0,1
0,1,0
0,1,0
0,0,1
0,0,1
0,0,1
0,1,0
0,1,0
0,1,0
0,1,0
0,1,0
1,0,0
0,1,0
0,1,0
0,1,0
0,1,0
0,1,0
1,0,0
0,1,0
1,0,0
0,1,0
0,1,0
0,1,0
0,1,0
1,0,0
0,1,0
0,0,1
0,1,0
0,0,1
0,1,0
0,0,1
0,0,1
0,1,0
0,0,1
0,0,1
0,1,0
0,0,1
0,1,0
0,1,0
0,1,0
0,1,0
0,0,1
0,1,0
0,0,1
0,1,0
0,1,0
0,1,0
0,1,0
0,1,0
0,1,0
0,1,0
0,0,1
0,1,0
0,1,0
0,1,0
0,0,1
0,1,0
0,0,1
0,1,0
0,1,0
0,1,0
0,1,0
0,1,0
0,0,1
1,0,0
0,1,0
0,0,1
0,0,1
0,0,1
0,1,0
0,0,1
0,1,0
0,0,1
0,0,1
0,0,1
0,0,1
0,1,0
0,0,1
0,0,1
0,1,0
1,0,0
0,1,0
0,1,0
0,1,0
0,0,1
0,0,1
0,0,1
0,1,0
0,1,0
0,0,1
0,0,1
0,1,0
0,1,0
0,0,1
0,1,0
0,1,0
0,0,1
0,0,1
0,0,1
0,0,1
0,0,1
0,0,1
0,1,0
0,0,1
0,1,0
0,0,1
0,1,0
0,1,0
0,1,0
0,0,1
0,0,1
0,0,1
0,1,0
0,0,1
0,1,0
0,1,0
0,1,0
0,1,0
0,0,1
0,0,1
0,1,0
0,1,0
0,1,0
0,0,1
0,0,1
0,1,0
0,1,0
0,1,0
1,0,0
0,0,1
0,1,0
0,0,1
0,0,1
0,1,0
0,1,0
0,1,0
1,0,0
0,0,1
1,0,0
0,1,0
0,1,0
0,0,1
0,1,0
0,0,1
0,1,0
1,0,0
0,1,0
0,1,0
0,1,0
0,0,1
0,1,0
0,0,1
0,0,1
0,1,0
0,0,1
0,1,0
0,1,0
0,1,0
0,1,0
0,1,0
0,0,1
0,1,0
0,1,0
0,1,0
0,1,0
0,0,1
0,0,1
0,1,0
0,0,1
0,0,1
0,0,1
0,1,0
0,1,0
0,1,0
0,1,0
0,1,0
0,1,0
0,1,0
0,1,0
0,1,0
0,1,0
0,1,0
0,0,1
0,0,1
0,0,1
0,0,1
0,1,0
0,1,0
1,0,0
0,0,1
0,1,0
0,1,0
1,0,0
0,1,0
0,1,0
0,0,1
1,0,0
0,1,0
0,1,0
0,0,1
0,0,1
0,1,0
0,1,0
0,1,0
0,0,1
0,0,1
1,0,0
0,1,0
0,0,1
1,0,0
0,1,0
0,1,0
0,1,0
0,1,0
1,0,0
0,1,0
0,0,1
0,1,0
0,0,1
0,1,0
0,0,1
0,1,0
0,1,0
0,1,0
0,1,0
0,1,0
0,1,0
0,0,1
0,1,0
0,0,1
0,0,1
0,1,0
0,0,1
0,1,0
0,1,0
0,1,0
0,0,1
0,1,0
0,0,1
0,1,0
0,0,1
0,1,0
0,0,1
0,0,1
0,1,0
0,0,1
0,1,0
0,1,0
0,1,0
0,0,1
0,0,1
0,1,0
0,1,0
0,1,0
0,1,0
0,1,0
0,1,0
0,1,0
0,1,0
0,1,0
0,1,0
0,0,1
0,0,1
0,1,0
1,0,0
0,1,0
0,1,0
0,0,1
0,0,1
0,1,0
0,1,0
0,1,0
0,0,1
0,0,1
0,1,0
0,0,1
0,1,0
0,1,0
0,1,0
0,1,0
0,0,1
0,1,0
0,1,0
0,1,0
0,1,0
0,1,0
1,0,0
1,0,0
0,0,1
0,1,0
0,0,1
0,1,0
0,1,0
0,0,1
0,0,1
0,1,0
0,1,0
0,0,1
0,0,1
0,1,0
0,1,0
1,0,0
0,1,0
0,1,0
0,0,1
0,1,0
0,1,0
0,0,1
0,1,0
0,0,1
0,1,0
0,1,0
0,0,1
0,1,0
1,0,0
0,1,0
0,1,0
0,1,0
0,0,1
0,0,1
0,0,1
0,0,1
0,0,1
0,0,1
0,0,1
0,1,0
0,1,0
0,1,0
0,1,0
0,1,0
0,0,1
0,1,0
0,0,1
0,1,0
0,1,0
0,1,0
0,0,1
0,1,0
0,1,0
0,1,0
0,0,1
0,1,0
0,0,1
0,1,0
0,0,1
0,1,0
0,0,1
0,1,0
0,1,0
0,1,0
0,1,0
0,0,1
0,1,0
0,0,1
0,1,0
0,1,0
0,1,0
0,0,1
0,1,0
0,1,0
0,1,0
0,1,0
0,1,0
0,1,0
0,0,1
0,0,1
0,0,1
0,1,0
0,1,0
0,1,0
0,1,0
0,1,0
0,0,1
0,1,0
0,1,0
0,0,1
0,1,0
0,1,0
0,0,1
0,1,0
0,0,1
0,0,1
0,0,1
0,1,0
0,0,1
0,0,1
0,1,0
1,0,0
0,1,0
0,1,0
0,1,0
0,1,0
0,1,0
0,1,0
0,1,0
0,0,1
0,1,0
0,1,0
0,0,1
0,1,0
1,0,0
0,0,1
0,1,0
0,0,1
0,0,1
0,1,0
0,0,1
0,1,0
0,1,0
0,0,1
0,1,0
0,1,0
0,1,0
0,1,0
0,0,1
0,0,1
0,1,0
0,1,0
0,1,0
0,1,0
1,0,0
0,0,1
0,1,0
0,0,1
1,0,0
0,0,1
0,1,0
0,1,0
0,1,0
0,1,0
0,0,1
0,0,1
0,1,0
0,1,0
0,0,1
0,1,0
0,1,0
0,1,0
0,1,0
0,0,1
0,1,0
0,1,0
1,0,0
0,1,0
0,1,0
0,0,1
0,1,0
0,0,1
0,1,0
0,1,0
0,1,0
0,1,0
0,1,0
0,1,0
0,0,1
0,0,1
0,1,0
0,0,1
0,0,1
0,0,1
0,1,0
0,1,0
1,0,0
0,0,1
0,1,0
0,1,0
0,1,0
0,1,0
0,1,0
0,0,1
0,0,1
0,1,0
0,1,0
0,1,0
0,1,0
0,1,0
0,1,0
0,0,1
0,0,1
0,1,0
0,0,1
0,1,0
0,1,0
0,1,0
0,0,1
0,0,1
0,1,0
0,1,0
0,1,0
0,1,0
1,0,0
0,1,0
0,1,0
0,1,0
0,0,1
0,0,1
0,1,0
1,0,0
0,1,0
0,1,0
0,0,1
1,0,0
0,0,1
0,0,1
0,0,1
0,0,1
0,0,1
0,0,1
0,1,0
0,0,1
0,1,0
0,1,0
0,0,1
0,1,0
0,0,1
0,0,1
0,0,1
0,1,0
0,1,0
0,1,0
0,0,1
0,1,0
0,1,0
0,1,0
0,1,0
0,1,0
0,1,0
0,0,1
0,1,0
0,1,0
0,1,0
0,1,0
0,0,1
0,0,1
0,1,0
0,1,0
0,1,0
0,1,0
0,1,0
0,1,0
0,1,0
0,0,1
0,1,0
0,1,0
0,0,1
0,1,0
0,0,1
0,1,0
0,1,0
1,0,0
0,1,0
1,0,0
0,1,0
0,0,1
0,0,1
0,1,0
0,0,1
0,1,0
0,1,0
1,0,0
0,1,0
0,0,1
0,0,1
0,1,0
0,1,0
0,1,0
0,1,0
0,1,0
1,0,0
0,1,0
0,1,0
0,0,1
0,1,0
0,1,0
0,1,0
0,0,1
0,0,1
0,1,0
0,1,0
0,0,1
0,0,1
0,0,1
0,0,1
0,1,0
0,0,1
0,0,1
0,1,0
1,0,0
0,0,1
0,1,0
0,0,1
0,1,0
0,1,0
0,1,0
0,1,0
0,1,0
0,1,0
0,1,0
0,1,0
0,1,0
0,0,1
1,0,0
0,1,0
0,1,0
0,1,0
0,1,0
1,0,0
0,0,1
0,1,0
0,1,0
0,1,0
1,0,0
0,0,1
1,0,0
0,1,0
0,0,1
0,0,1
0,1,0
0,0,1
0,0,1
0,1,0
0,1,0
0,1,0
0,0,1
0,0,1
0,0,1
0,1,0
0,1,0
0,0,1
0,0,1
0,1,0
0,0,1
1,0,0
0,1,0
0,0,1
0,1,0
0,1,0
0,0,1
0,1,0
0,1,0
0,1,0
0,0,1
0,0,1
0,1,0
0,1,0
0,1,0
0,1,0
0,1,0
0,1,0
0,1,0
0,1,0
0,1,0
0,1,0
0,1,0
0,1,0
0,0,1
0,1,0
0,0,1
0,1,0
0,1,0
0,1,0
0,1,0
0,1,0
0,1,0
0,1,0
0,0,1
0,1,0
0,1,0
0,0,1
0,1,0
0,0,1
1,0,0
0,0,1
0,0,1
0,0,1
0,1,0
0,1,0
0,1,0
1,0,0
0,1,0
0,1,0
0,0,1
0,1,0
0,0,1
0,0,1
0,0,1
0,1,0
0,1,0
0,1,0
0,0,1
0,1,0
0,1,0
0,0,1
0,1,0
0,0,1
0,0,1
0,1,0
0,1,0
0,0,1
0,1,0
0,1,0
1,0,0
0,1,0
0,0,1
0,0,1
1,0,0
0,1,0
1,0,0
0,0,1
0,1,0
0,1,0
0,0,1
0,1,0
0,1,0
0,1,0
1,0,0
0,0,1
0,0,1
0,1,0
0,1,0
0,1,0
0,0,1
0,1,0
0,1,0
0,0,1
0,1,0
0,1,0
0,1,0
0,0,1
0,1,0
0,0,1
0,0,1
0,1,0
0,0,1
0,1,0
0,0,1
0,1,0
0,1,0
0,0,1
0,1,0
0,1,0
0,0,1
0,0,1
0,1,0
0,0,1
0,1,0
0,1,0
0,0,1
0,1,0
0,0,1
0,1,0
0,1,0
0,1,0
0,0,1
0,0,1
0,1,0
0,1,0
0,1,0
0,1,0
0,0,1
0,0,1
0,1,0
0,0,1
0,1,0
0,1,0
0,1,0
0,1,0
0,1,0
0,1,0
0,1,0
0,0,1
0,1,0
0,1,0
0,1,0
0,1,0
0,1,0
0,1,0
0,1,0
0,1,0
0,1,0
0,0,1
0,0,1
0,1,0
0,1,0
0,1,0
0,0,1
0,1,0
0,1,0
0,1,0
0,0,1
0,1,0
0,1,0
0,1,0
0,0,1
0,0,1
1,0,0
0,1,0
0,0,1
0,1,0
0,0,1
1,0,0
0,0,1
0,0,1
0,0,1
0,1,0
0,0,1
0,1,0
0,1,0
0,1,0
0,1,0
0,1,0
0,0,1
0,1,0
0,1,0
0,1,0
0,0,1
0,1,0
0,1,0
0,0,1
0,0,1
0,1,0
0,1,0
0,0,1
0,1,0
0,0,1
0,1,0
0,0,1
0,1,0
0,1,0
0,1,0
1,0,0
0,1,0
0,1,0
0,0,1
0,1,1
0,1,0
0,0,1
0,0,1
0,1,0
1,0,0
0,1,0
0,1,0
0,0,1
0,1,0
0,0,1
1,0,0
0,1,0
0,0,1
0,0,1
0,1,0
0,1,0
0,1,0
0,1,0
0,0,1
0,1,0
0,0,1
0,0,1
0,0,1
0,1,0
0,0,1
0,1,0
1,0,0
0,1,0
0,1,0
0,1,0
0,1,0
0,0,1
1,0,0
0,1,0
0,1,0
0,1,0
0,0,1
0,0,1
1,0,0
0,1,0
0,0,1
0,0,1
0,0,1
1,0,0
0,1,0
0,0,1
0,1,0
0,1,0
0,0,1
0,1,0
0,0,1
1,0,0
1,0,0
0,1,0
0,1,0
0,1,0
0,0,1
0,0,1
0,0,1
0,1,0
0,1,0
0,1,0
0,0,1
0,0,1
0,1,0
0,1,0
0,1,0
0,1,0
0,0,1
0,1,0
0,1,0
0,1,0
0,0,1
1,0,0
0,0,1
0,1,0
0,0,1
0,0,1
0,1,0
0,0,1
0,1,0
0,1,0
0,0,1
0,1,0
0,0,1
0,1,0
0,0,1
0,1,0
0,1,0
0,0,1
0,1,0
0,0,1
0,0,1
1,0,0
0,1,0
0,1,0
0,1,0
0,1,0
0,1,0
0,1,0
0,1,0
0,0,1
0,1,0
0,1,0
0,1,0
0,1,0
0,1,0
0,0,1
0,1,0
0,1,0
0,1,0
0,0,1
0,1,0
0,1,0
0,1,0
0,1,0
0,0,1
0,0,1
1,0,0
0,1,0
0,1,0
0,1,0
0,1,0
0,0,1
0,0,1
0,0,1
0,1,0
0,1,0
0,1,0
0,0,1
0,1,0
0,0,1
0,1,0
0,1,0
1,0,0
0,0,1
0,1,0
0,1,0
0,0,1
0,1,0
0,1,0
0,1,0
0,1,0
0,0,1
0,0,1
0,1,0
0,0,1
0,0,1
0,1,0
1,0,0
0,0,1
0,0,1
0,1,0
0,1,0
0,1,0
0,1,0
0,1,0
0,0,1
1,0,0
0,1,0
0,1,0
0,1,0
0,0,1
0,0,1
0,1,0
0,1,0
0,0,1
0,1,0
1,0,0
0,0,1
0,1,0
0,0,1
0,0,1
0,1,0
0,1,0
0,1,0
0,0,1
0,1,0
0,1,0
0,1,0
0,1,0
0,0,1
0,0,1
0,1,0
0,1,0
1,0,0
0,1,0
0,1,0
0,0,1
0,1,0
0,0,1
0,1,0
0,1,0
0,0,1
0,1,0
0,1,0
0,0,1
0,1,0
0,0,1
0,1,0
0,1,0
0,0,1
0,0,1
0,0,1
0,0,1
0,1,0
0,0,1
0,1,0
0,0,1
1,0,0
0,1,0
0,0,1
0,1,0
0,1,0
0,0,1
0,1,0
0,1,0
0,1,0
0,0,1
0,0,1
0,1,0
0,1,0
0,1,0
0,1,0
0,1,0
0,0,1
0,0,1
0,1,0
0,1,0
0,1,0
1,0,0
0,1,0
0,1,0
0,1,0
0,1,0
0,1,0
0,0,1
0,1,0
0,1,0
0,0,1
0,0,1
0,1,0
0,0,1
0,1,0
0,0,1
0,0,1
0,0,1
0,1,0
0,1,0
0,1,0
1,0,0
0,0,1
0,0,1
0,1,0
0,0,1
0,0,1
0,0,1
0,1,0
0,0,1
0,0,1
0,0,1
0,1,0
0,0,1
0,0,1
0,1,0
0,1,0
0,1,0
0,0,1
0,1,0
0,1,0
0,0,1
0,1,0
0,1,0
0,0,1
0,1,0
0,1,0
0,1,0
1,0,0
0,1,0
0,1,0
0,1,0
0,1,0
0,0,1
0,1,0
0,1,0
0,1,0
0,1,0
0,1,0
0,1,0
0,1,0
0,1,0
0,1,0
0,0,1
0,0,1
0,0,1
0,0,1
0,0,1
0,1,0
0,0,1
0,1,0
0,1,0
0,1,0
0,1,0
0,1,0
0,1,0
0,0,1
0,1,0
0,1,0
1,0,0
0,0,1
0,0,1
0,1,0
0,0,1
0,0,1
0,1,0
0,1,0
0,1,0
0,1,0
0,1,0
0,1,0
0,0,1
0,1,0
0,1,0
0,0,1
0,0,1
0,0,1
0,1,0
0,1,0
0,1,0
1,0,0
0,0,1
0,0,1
0,1,0
0,1,0
0,1,0
0,1,0
0,1,0
0,1,0
0,0,1
0,1,0
0,0,1
0,1,0
1,0,0
0,1,0
0,1,0
0,1,0
0,1,0
0,0,1
0,0,1
0,1,0
0,0,1
0,1,0
1,0,0
0,1,0
0,1,0
0,0,1
0,1,0
0,1,0
0,0,1
0,0,1
0,0,1
0,0,1
0,1,0
0,1,0
1,0,0
0,0,1
0,0,1
0,0,1
0,1,0
1,0,0
0,1,0
0,1,0
0,1,0
0,0,1
0,1,0
0,0,1
0,1,0
1,0,0
0,1,0
0,0,1
0,1,0
0,1,0
0,1,0
0,1,0
0,1,0
1,0,0
0,1,0
0,1,0
0,1,0
0,1,0
0,1,0
0,0,1
1,0,0
0,1,0
0,1,0
0,1,0
0,1,0
0,0,1
0,0,1
0,1,0
0,0,1
0,0,1
0,1,0
0,1,0
1,0,0
0,0,1
0,1,0
0,0,1
0,1,0
0,1,0
0,1,0
0,1,0
0,1,0
0,1,0
1,0,0
0,1,0
0,0,1
0,0,1
0,1,0
0,0,1
1,0,0
0,0,1
0,0,1
0,0,1
0,0,1
0,0,1
0,0,1
1,0,0
0,0,1
1,0,0
0,1,0
0,1,0
0,1,0
0,0,1
0,1,0
0,0,1
0,1,0
0,1,0
0,0,1
0,0,1
0,0,1
0,0,1
0,1,0
0,1,0
0,1,0
1,0,0
0,1,0
0,1,0
0,0,1
0,0,1
0,0,1
0,0,1
0,1,0
0,0,1
0,1,0
0,1,0
0,0,1
0,1,0
0,1,0
0,1,0
0,1,0
0,0,1
0,0,1
0,1,0
0,1,0
0,1,0
0,1,0
0,0,1
0,1,0
0,1,0
0,1,0
0,1,0
0,1,0
0,1,0
0,1,0
0,1,0
0,1,0
0,0,1
0,0,1
0,1,0
0,1,0
0,0,1
0,1,0
0,1,0
0,0,1
0,1,0
0,0,1
0,1,0
0,1,0
0,1,0
0,1,0
0,0,1
0,1,0
0,1,0
0,1,0
0,1,0
1,0,0
0,0,1
0,1,0
0,1,0
0,1,0
0,0,1
0,1,0
0,0,1
0,0,1
0,1,0
0,1,0
0,1,0
0,0,1
0,1,0
0,1,0
0,0,1
0,1,0
0,0,1
0,0,1
1,0,0
0,0,1
1,0,0
0,1,0
0,1,0
0,0,1
0,1,0
0,0,1
0,1,0
0,1,0
0,1,0
0,0,1
0,1,0
0,1,0
0,1,0
0,1,0
0,0,1
0,0,1
0,0,1
0,1,0
0,1,0
0,1,0
0,0,1
0,1,0
0,1,0
0,1,0
0,1,0
0,1,0
0,0,1
0,1,0
1,0,0
0,0,1
1,0,0
0,1,0
0,1,0
0,1,0
1,0,0
0,1,0
0,1,0
0,1,0
0,0,1
0,0,1
1,0,0
0,0,1
0,1,0
0,1,0
0,1,0
0,0,1
0,0,1
0,0,1
0,1,0
0,1,0
0,1,0
0,0,1
0,1,0
0,1,0
0,0,1
0,0,1
0,1,0
0,1,0
0,1,0
0,0,1
0,1,0
0,0,1
1,0,0
0,0,1
0,1,0
1,0,0
0,0,1
0,1,0
0,1,0
0,1,0
0,1,0
0,1,0
0,0,1
0,1,0
0,1,0
0,0,1
0,0,1
0,1,0
0,1,0
1,0,0
0,0,1
0,1,0
0,0,1
0,0,1
0,1,0
0,0,1
0,0,1
0,1,0
0,1,0
1,0,0
0,0,1
0,1,0
0,1,0
0,1,0
0,0,1
0,0,1
0,1,0
0,1,0
0,1,0
0,0,1
0,1,0
0,1,0
0,1,0
0,0,1
0,1,0
0,1,0
0,1,0
0,1,0
0,1,0
0,0,1
0,1,0
0,1,0
0,0,1
0,1,0
0,0,1
0,1,0
0,0,1
0,1,0
1,0,0
0,1,0
0,1,0
0,0,1
0,0,1
0,1,0
0,1,0
0,1,0
0,1,0
0,0,1
0,0,1
0,1,0
0,1,0
0,1,0
0,1,0
0,1,0
0,1,0
1,0,0
0,1,0
0,1,0
0,0,1
0,1,0
0,0,1
0,0,1
0,1,0
0,1,0
0,1,0
0,1,0
0,1,0
1,0,0
0,1,0
0,1,0
0,1,0
0,1,0
0,1,0
0,0,1
0,1,0
0,1,0
0,1,0
0,1,0
1,0,0
0,1,0
0,0,1
0,0,1
0,1,0
0,1,0
0,1,0
0,1,0
0,0,1
0,1,0
0,1,0
0,1,0
0,1,0
0,1,0
0,0,1
0,1,0
0,1,0
1,0,0
0,1,0
0,0,1
0,1,0
0,0,1
0,1,0
0,1,0
0,1,0
0,0,1
0,0,1
0,0,1
0,1,0
0,1,0
0,0,1
0,0,1
0,0,1
0,1,0
0,0,1
1,0,0
0,0,1
1,0,0
0,0,1
1,0,0
0,0,1
0,0,1
0,1,0
0,0,1
0,1,0
0,0,1
0,1,0
0,1,0
0,0,1
0,1,0
0,1,0
0,0,1
0,1,0
0,1,0
0,0,1
0,1,0
0,1,0
0,1,0
0,1,0
0,1,0
0,0,1
0,0,1
0,1,0
0,1,0
0,1,0
0,1,0
0,0,1
0,1,0
0,1,0
0,0,1
0,1,0
1,0,0
0,1,0
0,0,1
0,0,1
0,0,1
0,1,0
0,1,0
0,1,0
0,1,0
0,1,0
0,1,0
0,1,0
0,1,0
0,1,0
0,0,1
0,1,0
0,0,1
0,1,0
0,1,0
0,0,1
0,0,1
0,1,0
0,1,0
0,0,1
0,1,0
0,1,0
0,0,1
0,1,0
0,0,1
0,1,0
0,0,1
0,0,1
0,1,0
0,1,0
0,1,0
0,0,1
0,1,0
0,0,1
0,1,0
0,0,1
0,0,1
0,0,1
0,1,0
0,0,1
0,1,0
0,1,0
0,1,0
0,0,1
0,1,0
1,0,0
0,1,0
0,1,0
0,0,1
0,1,0
0,1,0
0,0,1
0,0,1
0,1,0
0,0,1
0,0,1
0,1,0
0,1,0
0,1,0
0,1,0
0,1,0
0,0,1
0,1,0
0,0,1
0,0,1
0,0,1
0,1,0
0,1,0
0,1,0
0,1,0
0,0,1
1,0,0
0,1,0
0,1,0
0,0,1
0,1,0
0,0,1
0,0,1
0,1,0
0,0,1
0,1,0
0,1,0
0,1,0
0,1,0
0,1,0
0,0,1
0,1,0
0,1,0
0,0,1
0,0,1
0,1,0
0,1,0
0,1,0
0,0,1
0,0,1
1,0,0
0,1,0
0,1,0
0,1,0
0,1,0
0,0,1
0,1,0
0,0,1
0,1,0
0,1,0
0,1,0
0,0,1
0,0,1
0,0,1
0,0,1
0,0,1
1,0,0
0,0,1
0,1,0
0,1,0
0,1,0
0,1,0
0,1,0
0,1,0
0,1,0
0,0,1
0,0,1
0,0,1
0,0,1
0,0,1
0,1,0
0,1,0
0,0,1
0,1,0
0,1,0
0,0,1
0,1,0
0,1,0
0,1,0
1,0,0
0,1,0
0,1,0
0,0,1
1,0,0
0,0,1
1,0,0
0,1,0
0,1,0
0,1,0
0,1,0
0,0,1
0,0,1
0,1,0
0,0,1
0,0,1
0,1,0
0,1,0
0,0,1
0,0,1
0,0,1
0,0,1
0,1,0
0,1,0
0,0,1
0,1,0
1,0,0
0,1,0
0,0,1
0,0,1
0,1,0
0,1,0
0,0,1
0,1,0
0,1,0
0,1,0
0,0,1
0,1,0
0,0,1
0,0,1
0,0,1
0,0,1
0,1,0
0,1,0
0,1,0
0,0,1
0,1,0
0,1,0
0,1,0
0,0,1
0,0,1
0,0,1
0,0,1
0,0,1
0,1,0
0,0,1
0,1,0
1,0,0
0,0,1
0,1,0
0,1,0
0,1,0
0,0,1
0,0,1
0,1,0
0,1,0
0,0,1
0,1,0
1,0,0
1,0,0
0,1,0
0,0,1
0,0,1
0,0,1
0,1,0
0,0,1
0,0,1
0,1,0
0,0,1
0,1,0
0,0,1
0,0,1
0,0,1
0,0,1
1,0,0
0,1,0
0,1,0
0,1,0
1,0,0
0,0,1
0,1,0
0,0,1
0,0,1
0,1,0
0,1,0
0,1,0
0,0,1
0,1,0
0,1,0
0,1,0
0,1,0
0,1,0
0,1,0
0,1,0
0,0,1
0,1,0
0,1,0
0,0,1
0,0,1
0,0,1
0,1,0
0,1,0
0,1,0
0,1,0
1,0,0
0,1,0
0,1,0
0,0,1
0,1,0
0,1,0
0,1,0
0,1,0
0,0,1
0,0,1
0,1,0
0,1,0
1,0,0
0,1,0
0,1,0
0,1,0
0,1,0
0,1,0
0,1,0
0,0,1
0,0,1
0,0,1
0,1,0
0,1,0
0,0,1
1,0,0
0,1,0
0,0,1
0,0,1
0,0,1
0,0,1
0,0,1
0,1,0
0,1,0
0,1,0
0,1,0
0,1,0
0,1,0
0,1,0
0,0,1
0,1,0
0,1,0
0,0,1
1,0,0
0,1,0
0,1,0
0,1,0
0,0,1
0,1,0
0,1,0
0,0,1
0,1,0
0,0,1
0,1,0
0,1,0
0,1,0
0,1,0
0,1,0
0,1,0
0,1,0
0,0,1
0,0,1
0,1,0
0,0,1
0,1,0
0,0,1
0,1,0
0,1,0
0,1,0
0,1,0
0,0,1
0,0,1
0,0,1
0,0,1
0,1,0
1,0,0
0,1,0
0,1,0
0,1,0
0,1,0
0,0,1
0,1,0
0,0,1
0,0,1
0,1,0
0,1,0
0,0,1
0,1,0
0,1,0
0,1,0
0,1,0
0,1,0
0,1,0
0,1,0
0,1,0
0,1,0
0,1,0
0,0,1
0,1,0
0,1,0
0,1,0
0,1,0
0,1,0
0,1,0
0,1,0
0,1,0
0,1,0
0,1,0
0,0,1
0,0,1
0,1,0
0,1,0
0,1,0
0,1,0
0,0,1
0,0,1
0,1,0
0,1,0
0,1,0
0,0,1
0,0,1
0,1,0
0,1,0
0,0,1
0,0,1
0,0,1
0,1,0
0,0,1
0,0,1
0,0,1
0,1,0
0,0,1
0,1,0
0,0,1
0,1,0
0,1,0
0,0,1
0,0,1
0,1,0
0,1,0
0,1,0
0,1,0
0,1,0
0,1,0
0,1,0
0,1,0
0,1,0
0,0,1
0,1,0
0,0,1
0,1,0
1,0,0
0,1,0
0,0,1
0,0,1
0,1,0
0,1,0
0,1,0
0,0,1
0,1,0
0,1,0
1,0,0
0,0,1
0,1,0
0,1,0
0,0,1
0,1,0
0,1,0
1,0,0
0,1,0
0,1,0
0,1,0
0,1,0
0,0,1
0,0,1
0,0,1
0,1,0
0,1,0
0,1,0
0,1,0
0,1,0
1,0,0
0,1,0
0,0,1
0,1,0
0,1,0
0,1,0
0,1,0
1,0,0
0,1,0
0,1,0
0,0,1
0,0,1
0,1,0
0,1,0
0,0,1
1,0,0
0,1,0
0,1,0
0,0,1
0,0,1
0,0,1
0,1,0
0,1,0
0,1,0
0,1,0
0,1,0
0,1,0
0,1,0
0,1,0
1,0,0
0,1,0
0,0,1
0,1,0
0,0,1
0,1,0
0,1,0
0,1,0
0,1,0
0,1,0
1,0,0
0,1,0
0,1,0
0,0,1
0,1,0
0,0,1
0,0,1
0,1,0
0,0,1
0,0,1
0,1,0
0,0,1
0,0,1
0,1,0
0,0,1
0,0,1
0,1,0
0,1,0
0,0,1
0,1,0
0,1,0
0,0,1
0,0,1
0,1,0
0,0,1
0,1,0
0,1,0
0,1,0
0,1,0
0,0,1
0,1,0
0,1,0
1,0,0
0,1,0
0,0,1
0,0,1
0,1,0
0,1,0
0,1,0
1,0,0
0,1,0
0,0,1
0,0,1
0,0,1
0,1,0
0,1,0
0,1,0
0,1,0
1,0,0
0,1,0
1,0,0
0,1,0
0,0,1
0,1,0
0,1,0
0,1,0
0,0,1
0,1,0
0,1,0
0,1,0
0,0,1
0,0,1
0,0,1
0,0,1
0,1,0
0,0,1
0,0,1
0,1,0
0,0,1
0,1,0
0,1,0
0,1,0
0,0,1
0,0,1
0,1,0
0,1,0
0,1,0
0,1,0
0,0,1
0,1,0
0,1,0
0,0,1
0,0,1
0,0,1
0,0,1
1,0,0
0,1,0
0,1,0
0,1,0
0,0,1
0,0,1
0,1,0
0,1,0
0,0,1
1,0,0
0,1,0
0,0,1
0,0,1
0,1,0
0,1,0
0,1,0
0,1,0
1,0,0
0,1,0
0,0,1
0,0,1
0,1,0
0,0,1
0,1,0
0,0,1
0,1,0
0,1,0
0,0,1
0,1,0
0,0,1
0,1,0
0,0,1
0,1,0
0,1,0
0,1,0
0,0,1
0,0,1
0,1,0
0,1,0
0,1,0
0,0,1
0,0,1
0,0,1
0,1,0
0,1,0
0,1,0
0,0,1
0,1,0
0,1,0
1,0,0
0,1,0
0,0,1
0,0,1
0,0,1
0,0,1
0,0,1
0,1,0
0,1,0
0,0,1
0,1,0
0,1,0
0,1,0
0,0,1
0,1,0
0,1,0
0,1,0
0,1,0
0,0,1
0,0,1
0,0,1
0,1,0
0,1,0
0,0,1
0,0,1
0,0,1
0,0,1
0,0,1
0,1,0
0,1,0
0,0,1
0,1,0
0,0,1
0,0,1
0,0,1
0,0,1
0,0,1
0,0,1
0,1,0
0,1,0
0,0,1
0,0,1
0,1,0
1,0,0
0,0,1
0,0,1
0,1,0
0,1,0
0,0,1
0,0,1
0,1,0
0,0,1
0,1,0
0,1,0
0,1,0
0,0,1
0,1,0
0,1,0
1,0,0
0,1,0
0,1,0
0,1,0
0,1,0
0,1,0
0,0,1
0,1,0
0,1,0
0,0,1
0,0,1
1,0,0
0,0,1
0,1,0
0,0,1
0,1,0
0,1,0
1,0,0
0,1,0
0,0,1
0,0,1
0,1,0
0,0,1
0,0,1
1,0,0
0,1,0
0,1,0
0,1,0
0,1,0
0,1,0
0,0,1
0,0,1
0,0,1
0,1,0
1,0,0
0,1,0
0,0,1
0,1,0
0,1,0
0,1,0
0,1,0
0,1,0
0,1,0
0,1,0
0,0,1
0,1,0
0,0,1
1,0,0
0,1,0
0,1,0
0,1,0
1,0,0
0,0,1
0,1,0
0,1,0
0,0,1
0,0,1
0,0,1
0,0,1
0,0,1
0,1,0
0,1,0
1,0,0
0,1,0
1,0,0
0,1,0
0,1,0
0,1,0
0,0,1
0,0,1
0,0,1
0,1,0
0,0,1
0,1,0
0,0,1
0,0,1
0,1,0
0,1,0
0,1,0
0,1,0
0,0,1
0,1,0
0,1,0
0,1,0
0,1,0
0,0,1
0,1,0
0,1,0
0,0,1
0,1,0
0,0,1
0,1,0
0,0,1
0,1,0
0,1,0
0,0,1
0,0,1
0,0,1
0,1,0
0,1,0
0,1,0
0,0,1
0,1,0
0,1,0
0,1,0
1,0,0
0,1,0
0,1,0
0,1,0
0,1,0
1,0,0
0,1,0
0,0,1
0,1,0
0,0,1
0,1,0
0,0,1
0,1,0
0,0,1
0,0,1
0,1,0
1,0,0
0,0,1
0,1,0
0,0,1
0,1,0
0,1,0
0,0,1
0,1,0
0,1,0
0,1,0
0,0,1
0,1,0
0,0,1
0,1,0
0,1,0
0,1,0
1,0,0
0,1,0
0,1,0
0,1,0
0,1,0
0,0,1
0,0,1
0,1,0
0,1,0
0,0,1
0,1,0
0,0,1
0,0,1
1,0,0
0,0,1
0,0,1
0,0,1
0,0,1
0,0,1
1,0,0
0,1,0
0,0,1
1,0,0
0,1,0
0,0,1
0,1,0
0,0,1
0,1,0
0,1,0
0,0,1
0,1,0
0,1,0
0,1,0
0,1,0
0,1,0
0,0,1
0,1,0
0,0,1
0,0,1
0,0,1
0,1,0
0,1,0
0,1,0
0,1,0
0,0,1
0,0,1
0,1,0
0,0,1
1,0,0
0,1,0
0,0,1
0,1,0
0,1,0
0,1,0
0,1,0
0,0,1
0,1,0
0,0,1
0,1,0
0,1,0
0,0,1
0,1,0
0,0,1
0,1,0
0,0,1
0,1,0
0,1,0
0,1,0
0,1,0
1,0,0
0,1,0
0,0,1
0,1,0
1,0,0
0,1,0
0,1,0
0,1,0
0,1,0
0,0,1
0,0,1
0,1,0
0,0,1
0,0,1
0,1,0
0,1,0
0,1,0
0,0,1
0,0,1
0,0,1
0,1,0
0,1,0
0,0,1
0,0,1
1,0,0
0,0,1
0,0,1
0,1,0
1,0,0
0,0,1
0,0,1
0,1,0
0,1,0
0,1,0
0,1,0
0,1,0
1,0,0
0,1,0
0,1,0
0,0,1
0,0,1
0,0,1
0,1,0
0,1,0
0,0,1
0,1,0
0,0,1
0,1,0
0,1,0
0,0,1
0,1,0
0,0,1
0,1,0
0,0,1
0,0,1
0,0,1
1,0,0
0,1,0
0,1,0
0,1,0
0,1,0
0,0,1
0,0,1
0,1,0
1,0,0
0,1,0
0,1,0
0,0,1
0,1,0
1,0,0
0,1,0
0,1,0
0,0,1
0,1,0
0,1,0
0,1,0
0,1,0
0,1,0
0,1,0
0,0,1
0,1,0
0,1,0
0,1,0
0,1,0
0,1,0
0,0,1
0,1,0
0,0,1
0,1,0
0,1,0
0,1,0
0,1,0
1,0,0
0,0,1
0,1,0
0,0,1
0,1,0
0,1,0
0,1,0
0,1,0
0,1,0
0,1,0
0,0,1
1,0,0
0,1,0
0,0,1
0,1,0
0,1,0
0,1,0
0,1,0
0,0,1
0,0,1
0,1,0
0,0,1
0,1,0
0,0,1
0,1,0
0,1,0
0,1,0
0,1,0
0,0,1
0,1,0
0,1,0
0,1,0
0,0,1
0,1,0
0,1,0
0,0,1
0,0,1
0,1,0
0,1,0
0,1,0
0,1,0
1,0,0
0,0,1
0,0,1
0,1,0
0,1,0
0,0,1
0,1,0
1,0,0
0,1,0
0,0,1
1,0,0
0,1,0
0,0,1
0,0,1
0,0,1
1,0,0
1,0,0
0,0,1
0,0,1
0,0,1
0,0,1
0,0,1
0,1,0
0,0,1
0,1,0
0,1,0
0,0,1
0,1,0
0,0,1
0,1,0
0,1,0
0,1,0
0,1,0
0,0,1
0,0,1
0,1,0
0,1,0
0,1,0
0,1,0
0,0,1
0,0,1
0,0,1
0,1,0
0,1,0
0,1,0
0,0,1
0,0,1
0,0,1
0,1,0
0,0,1
0,0,1
0,0,1
0,1,0
0,1,0
0,1,0
0,0,1
0,1,0
0,0,1
0,0,1
0,1,0
0,1,0
0,1,0
0,1,0
0,1,0
0,0,1
1,0,0
0,1,0
0,0,1
0,0,1
1,0,0
0,1,0
0,0,1
0,1,0
0,1,0
0,1,0
0,1,0
0,1,0
0,0,1
0,0,1
0,1,0
0,1,0
0,0,1
0,1,0
1,0,0
0,0,1
0,0,1
0,1,0
1,0,0
0,0,1
0,0,1
0,0,1
0,1,0
0,1,0
0,0,1
0,1,0
0,1,0
0,1,0
0,0,1
0,0,1
0,0,1
0,1,0
1,0,0
0,1,0
0,1,0
0,1,0
1,0,0
0,1,0
0,1,0
0,0,1
0,0,1
0,1,0
0,0,1
0,0,1
0,1,0
0,1,0
0,1,0
0,0,1
1,0,0
0,1,0
0,1,0
0,1,0
0,1,0
0,1,0
0,1,0
0,1,0
0,1,0
0,0,1
0,1,0
0,1,0
0,0,1
0,1,0
0,0,1
0,0,1
0,0,1
0,1,0
0,1,0
0,1,0
1,0,0
0,1,0
0,0,1
0,1,0
0,1,0
0,0,1
0,0,1
0,1,0
0,1,0
0,1,0
0,0,1
1,0,0
0,1,0
0,1,0
0,0,1
0,0,1
0,1,0
0,0,1
0,0,1
0,0,1
0,1,0
0,0,1
0,0,1
0,1,0
0,1,0
0,1,0
0,0,1
0,1,0
0,0,1
0,1,0
0,1,0
0,0,1
0,1,0
0,0,1
0,0,1
0,1,0
0,0,1
0,0,1
0,1,0
0,1,0
0,0,1
0,0,1
1,0,0
0,1,0
0,0,1
0,0,1
0,1,0
0,1,0
0,0,1
0,1,0
0,0,1
0,0,1
1,0,0
0,1,0
0,0,1
0,0,1
0,0,1
0,1,0
1,0,0
0,1,0
0,1,0
0,0,1
0,0,1
0,1,0
0,1,0
1,0,0
0,1,0
0,1,0
0,1,0
0,0,1
0,0,1
0,1,0
0,1,0
0,1,0
0,1,0
0,1,0
0,1,0
0,1,0
0,1,0
0,1,0
0,1,0
0,1,0
0,0,1
0,1,0
0,0,1
0,0,1
0,1,0
0,1,0
0,1,0
0,0,1
0,0,1
0,0,1
0,1,0
0,0,1
0,1,0
0,1,0
0,0,1
0,0,1
0,0,1
0,0,1
0,0,1
0,1,0
0,0,1
0,0,1
1,0,0
0,0,1
0,1,0
0,1,0
0,1,0
0,1,0
0,1,0
0,0,1
0,1,0
0,0,1
0,0,1
0,0,1
1,0,0
0,1,0
0,0,1
0,1,0
0,1,0
0,1,0
0,1,0
1,0,0
0,1,0
0,1,0
0,1,0
0,0,1
0,0,1
0,0,1
0,1,0
0,0,1
0,1,0
0,0,1
0,0,1
0,0,1
0,0,1
0,1,0
0,1,0
0,1,0
0,0,1
0,0,1
0,1,0
1,0,0
0,0,1
0,1,0
0,1,0
0,1,0
0,1,0
0,1,0
0,1,0
0,1,0
0,0,1
1,0,0
0,1,0
0,1,0
0,0,1
0,0,1
0,1,0
0,0,1
0,1,0
0,1,0
0,1,0
0,0,1
0,1,0
0,0,1
0,1,0
1,0,0
1,0,0
0,1,0
0,1,0
0,1,0
0,0,1
0,1,0
0,0,1
0,1,0
0,1,0
0,1,0
0,0,1
0,1,0
1,0,0
0,1,0
0,0,1
1,0,0
0,1,0
0,0,1
0,1,0
0,0,1
0,1,0
0,1,0
0,0,1
0,1,0
0,0,1
0,0,1
0,1,0
0,0,1
0,1,0
0,0,1
0,1,0
0,1,0
0,0,1
0,1,0
0,0,1
0,1,0
0,1,0
1,0,0
0,1,0
0,0,1
0,1,0
0,0,1
0,1,0
0,0,1
0,1,0
0,0,1
0,1,0
0,0,1
0,0,1
0,0,1
0,0,1
1,0,0
0,0,1
0,1,0
0,1,0
0,0,1
0,0,1
0,0,1
0,0,1
1,0,0
0,0,1
1,0,0
0,0,1
0,0,1
0,1,0
0,1,0
0,1,0
0,0,1
0,0,1
0,1,0
0,1,0
0,1,0
0,1,0
0,1,0
0,1,0
0,1,0
0,1,0
0,1,0
0,1,0
0,1,0
0,1,0
0,1,0
0,1,0
1,0,0
0,1,0
0,0,1
0,0,1
0,1,0
0,1,0
0,1,0
0,1,0
0,0,1
0,1,0
0,0,1
0,0,1
0,1,0
0,0,1
0,1,0
0,1,0
0,1,0
0,0,1
0,1,0
0,1,0
0,1,0
0,0,1
0,0,1
0,1,0
0,0,1
1,0,0
0,1,0
0,1,0
0,1,0
0,0,1
0,1,0
0,1,0
0,1,0
0,0,1
0,0,1
0,0,1
0,1,0
0,1,0
0,1,0
1,0,0
0,0,1
0,0,1
0,1,0
0,0,1
0,0,1
0,1,0
0,0,1
0,1,0
0,1,0
0,1,0
0,1,0
0,1,0
0,1,0
1,0,0
0,0,1
0,1,0
0,0,1
0,1,0
0,1,0
0,0,1
0,1,0
0,1,0
0,1,0
0,1,0
0,1,0
0,1,0
0,1,0
0,0,1
0,1,0
0,0,1
0,1,0
0,0,1
1,0,0
0,1,0
0,1,0
0,1,0
0,0,1
0,1,0
0,0,1
0,0,1
0,1,0
0,0,1
0,1,0
0,1,0
0,0,1
0,0,1
0,0,1
0,1,0
0,0,1
0,0,1
0,0,1
0,1,0
0,1,0
0,0,1
0,1,0
0,1,0
0,0,1
0,1,0
0,1,0
0,1,0
0,0,1
0,1,0
0,1,0
0,1,0
1,0,0
0,0,1
0,0,1
0,0,1
0,0,1
0,1,0
0,1,0
0,0,1
0,1,0
0,0,1
0,1,0
0,0,1
0,1,0
0,1,0
0,0,1
0,0,1
0,0,1
0,1,0
0,0,1
0,0,1
0,0,1
1,0,0
0,1,0
0,0,1
0,1,0
0,1,0
0,1,0
0,0,1
0,1,0
0,0,1
0,1,0
0,1,0
0,1,0
0,0,1
0,1,0
0,0,1
0,0,1
0,1,0
0,1,0
0,1,0
0,1,0
0,0,1
0,0,1
0,1,0
1,0,0
0,1,0
1,0,0
1,0,0
0,1,0
0,0,1
0,0,1
0,0,1
0,1,0
0,0,1
0,0,1
0,0,1
0,0,1
0,1,0
0,0,1
0,1,0
1,0,0
0,1,0
0,0,1
0,1,0
0,1,0
0,1,0
0,0,1
0,1,0
0,1,0
0,0,1
0,1,0
0,1,0
1,0,0
0,0,1
0,0,1
1,0,0
0,0,1
0,1,0
1,0,0
0,0,1
0,0,1
1,0,0
0,1,0
0,1,0
0,1,0
0,1,0
0,1,0
0,1,0
0,1,0
0,1,0
0,1,0
0,1,0
0,1,0
0,1,0
0,0,1
0,0,1
0,1,0
0,0,1
0,1,0
0,0,1
0,1,0
0,1,0
0,1,0
0,0,1
0,1,0
0,1,0
0,0,1
0,0,1
0,1,0
0,0,1
0,1,0
0,1,0
0,1,0
0,0,1
0,0,1
0,0,1
1,0,0
0,1,0
0,0,1
0,1,0
0,1,0
0,1,0
0,1,0
0,0,1
0,1,0
1,0,0
0,0,1
0,0,1
0,0,1
0,1,0
0,0,1
0,1,0
0,1,0
0,1,0
0,0,1
0,0,1
0,1,0
0,0,1
0,0,1
0,1,0
0,0,1
0,1,0
0,0,1
0,1,0
0,0,1
0,0,1
0,1,0
0,0,1
0,0,1
0,0,1
0,1,0
0,1,0
0,1,0
0,0,1
0,1,0
0,1,0
0,0,1
0,1,0
0,0,1
0,0,1
0,0,1
0,0,1
0,0,1
0,1,0
0,0,1
0,0,1
0,1,0
0,1,0
0,0,1
0,0,1
0,1,0
0,1,0
1,0,0
0,1,0
0,1,0
1,0,0
0,1,0
0,1,0
0,1,0
0,0,1
0,0,1
0,1,0
0,1,0
0,1,0
0,0,1
0,0,1
0,1,0
0,1,0
0,1,0
0,0,1
0,0,1
0,0,1
0,1,0
1,0,0
0,1,0
0,1,0
0,0,1
0,1,0
0,0,1
0,0,1
0,0,1
0,1,0
0,1,0
0,1,0
0,1,0
0,0,1
0,1,0
0,1,0
0,1,0
0,0,1
0,1,0
0,0,1
0,1,0
1,0,0
0,1,0
0,0,1
0,1,0
0,1,0
0,1,0
0,0,1
0,1,0
0,0,1
0,1,0
0,1,0
0,1,0
0,1,0
0,1,0
0,1,0
0,1,0
0,1,0
0,1,0
0,0,1
0,1,0
0,1,0
0,1,0
0,1,0
0,1,0
0,1,0
0,0,1
0,1,0
0,1,0
0,1,0
0,0,1
0,1,0
0,0,1
0,1,0
0,1,0
0,1,0
0,1,0
0,1,0
0,0,1
0,1,0
0,1,0
0,0,1
0,1,0
0,1,0
0,1,0
0,0,1
0,1,0
0,0,1
0,0,1
1,0,0
1,0,0
0,1,0
0,1,0
0,1,0
0,1,0
0,1,0
0,1,0
0,1,0
1,0,0
0,0,1
0,1,0
0,1,0
0,1,0
0,1,0
0,1,0
1,0,0
0,1,0
0,1,0
0,1,0
0,0,1
1,0,0
0,1,0
0,1,0
0,1,0
0,1,0
0,1,0
0,1,0
0,1,0
0,0,1
0,1,0
0,1,0
0,1,0
0,0,1
0,1,0
0,1,0
0,0,1
0,1,0
0,0,1
0,1,0
0,0,1
0,0,1
0,0,1
0,1,0
0,1,0
0,1,0
0,0,1
0,1,0
0,1,0
0,1,0
0,1,0
0,0,1
0,1,0
0,1,0
0,0,1
0,0,1
0,0,1
0,1,0
0,0,1
0,1,0
0,0,1
0,1,0
0,0,1
0,0,1
0,0,1
0,0,1
0,1,0
0,0,1
1,0,0
0,0,1
0,0,1
0,1,0
0,0,1
0,1,0
0,1,0
0,0,1
0,1,0
0,1,0
0,0,1
0,0,1
0,1,0
0,1,0
0,1,0
0,1,0
0,1,0
0,0,1
0,0,1
0,1,0
0,1,0
0,1,0
0,1,0
0,1,0
0,1,0
0,0,1
0,0,1
1,0,0
0,1,0
0,0,1
0,0,1
0,0,1
0,1,0
0,1,0
0,0,1
0,1,0
0,1,0
0,0,1
0,1,0
0,1,0
1,0,0
0,1,0
1,0,0
0,0,1
0,1,0
0,1,0
1,0,0
0,1,0
0,1,0
0,1,0
0,1,0
0,1,0
0,1,0
0,0,1
0,1,0
0,0,1
0,1,0
0,0,1
0,1,0
0,1,0
0,0,1
0,1,0
0,1,0
0,1,0
0,1,0
0,1,0
0,0,1
0,1,0
0,1,0
0,0,1
1,0,0
0,0,1
0,1,0
0,0,1
0,0,1
0,0,1
0,1,0
0,1,0
0,1,0
0,1,0
0,0,1
0,1,0
0,1,0
0,0,1
1,0,0
0,0,1
0,1,0
0,1,0
0,1,0
0,0,1
0,0,1
0,0,1
0,0,1
1,0,0
0,1,0
0,1,0
0,1,0
0,1,0
0,0,1
0,1,0
0,1,0
0,0,1
0,1,0
0,1,0
0,0,1
0,1,0
0,1,0
0,0,1
0,0,1
0,0,1
0,1,0
0,1,0
0,0,1
0,1,0
0,0,1
0,1,0
0,1,0
0,0,1
0,1,0
0,0,1
0,0,1
0,1,0
1,0,0
0,1,0
0,0,1
0,1,0
0,1,0
0,1,0
0,1,0
0,1,0
0,1,0
0,1,0
0,1,0
0,1,0
0,0,1
0,0,1
0,1,0
0,0,1
0,0,1
0,1,0
0,0,1
0,1,0
0,1,0
0,1,0
0,0,1
0,1,0
0,1,0
0,0,1
0,0,1
0,0,1
0,1,0
0,0,1
0,1,0
0,1,0
0,0,1
0,1,0
0,0,1
0,1,0
0,1,0
0,1,0
0,1,0
0,0,1
0,1,0
1,0,0
0,0,1
0,1,0
0,1,0
0,0,1
0,1,0
0,1,0
0,0,1
0,0,1
0,0,1
0,1,0
0,1,0
0,1,0
0,0,1
0,0,1
0,0,1
0,1,0
0,1,0
1,0,0
0,1,0
0,0,1
1,0,0
0,1,0
0,1,0
0,0,1
0,1,0
0,1,0
0,1,0
0,0,1
0,0,1
0,0,1
0,0,1
0,0,1
1,0,0
0,1,0
0,1,0
0,0,1
0,1,0
0,1,0
1,0,0
0,1,0
0,1,0
0,1,0
0,0,1
0,1,0
0,1,0
0,1,0
0,1,0
0,1,0
0,1,0
0,0,1
0,0,1
0,0,1
0,1,0
0,1,0
0,0,1
0,1,0
0,0,1
0,1,0
0,1,0
0,0,1
1,0,0
0,1,0
0,1,0
0,0,1
0,1,0
0,1,0
0,1,0
0,0,1
0,1,0
0,0,1
0,0,1
0,0,1
0,0,1
0,1,0
0,1,0
0,1,0
0,0,1
0,0,1
0,0,1
0,1,0
0,0,1
0,1,0
0,1,0
0,0,1
0,1,0
0,1,0
0,0,1
0,0,1
0,0,1
0,0,1
0,1,0
0,0,1
0,0,1
0,0,1
0,1,0
0,1,0
1,0,0
0,1,0
0,1,0
0,1,0
0,1,0
0,1,0
0,1,0
0,0,1
0,1,0
0,1,0
0,0,1
0,0,1
0,1,0
0,1,0
0,1,0
0,0,1
0,1,0
1,0,0
0,1,0
1,0,0
0,0,1
1,0,0
0,0,1
0,1,0
0,1,0
0,0,1
0,0,1
1,0,0
0,0,1
0,1,0
0,1,0
0,1,0
0,1,0
0,1,0
0,1,0
0,1,0
0,1,0
0,1,0
0,0,1
0,1,0
1,0,0
1,0,0
1,0,0
0,0,1
0,1,0
0,1,0
0,1,0
0,1,0
0,1,0
0,0,1
1,0,0
0,0,1
0,1,0
0,1,0
1,0,0
0,0,1
0,1,0
0,1,0
0,1,0
0,0,1
0,0,1
0,1,0
0,0,1
0,1,0
0,1,0
0,0,1
0,1,0
0,1,0
0,1,0
0,1,0
0,0,1
0,0,1
0,1,0
0,1,0
0,1,0
0,1,0
0,1,0
0,0,1
0,1,0
0,0,1
0,1,0
0,0,1
0,1,0
0,1,0
0,1,0
0,1,0
0,0,1
0,1,0
0,1,0
0,1,0
0,1,0
0,1,0
0,0,1
0,1,0
0,1,0
0,1,0
0,0,1
0,1,0
0,1,0
0,0,1
0,0,1
0,0,1
0,1,0
0,0,1
0,1,0
0,1,0
0,0,1
1,0,0
0,0,1
0,0,1
0,1,0
0,0,1
0,1,0
0,1,0
0,1,0
0,1,0
0,0,1
0,0,1
0,1,0
0,1,0
0,1,0
0,1,0
0,1,0
0,1,0
0,1,0
0,1,0
0,0,1
0,0,1
0,1,0
0,1,0
1,0,0
1,0,0
0,1,0
1,0,0
0,0,1
0,1,0
0,1,0
0,1,0
0,1,0
0,0,1
0,1,0
0,0,1
0,1,0
0,0,1
0,1,0
0,1,0
0,1,0
0,1,0
0,0,1
0,1,0
0,0,1
0,0,1
0,0,1
0,1,0
0,1,0
0,0,1
0,0,1
0,0,1
0,1,0
0,1,0
0,1,0
0,1,0
0,1,0
0,1,0
0,1,0
0,1,0
0,0,1
0,0,1
0,0,1
0,0,1
0,1,0
0,0,1
0,1,0
0,1,0
0,1,0
0,1,0
0,1,0
0,1,0
0,1,0
0,1,0
0,1,0
0,1,0
0,1,0
0,1,0
1,0,0
0,1,0
0,1,0
0,1,0
0,1,0
0,0,1
0,0,1
0,0,1
0,0,1
0,0,1
0,1,0
0,1,0
0,0,1
0,0,1
0,1,0
0,0,1
0,1,0
0,1,0
0,1,0
0,1,0
0,0,1
0,1,0
0,1,0
0,1,0
0,1,0
0,1,0
0,0,1
0,1,0
0,1,0
1,0,0
0,1,0
0,1,0
0,1,0
0,1,0
0,1,0
1,0,0
0,1,0
0,1,0
0,1,0
0,0,1
0,1,0
0,0,1
0,0,1
1,0,0
0,1,0
0,1,0
1,0,0
0,1,0
0,1,0
0,0,1
0,1,0
0,0,1
0,1,0
0,1,0
0,1,0
0,1,0
0,0,1
0,1,0
0,1,0
0,0,1
0,1,0
0,0,1
0,1,0
0,1,0
0,0,1
0,1,0
0,1,0
0,1,0
0,0,1
1,0,0
0,1,0
0,1,0
0,1,0
0,0,1
0,1,0
0,0,1
0,1,0
0,0,1
0,1,0
0,1,0
0,1,0
0,1,0
0,1,0
0,1,0
0,0,1
0,0,1
0,1,0
0,1,0
0,0,1
0,0,1
0,0,1
0,1,0
0,1,0
0,1,0
0,0,1
0,0,1
0,1,0
0,1,0
0,0,1
0,1,0
0,1,0
0,0,1
0,0,1
0,1,0
0,1,0
0,0,1
0,1,0
0,1,0
0,1,0
0,1,0
0,1,0
0,1,0
0,0,1
0,0,1
0,1,0
0,1,0
0,1,0
0,1,0
0,1,0
0,1,0
0,0,1
0,1,0
0,1,0
0,1,0
0,1,0
0,0,1
0,1,0
0,0,1
1,0,0
0,1,0
0,1,0
0,0,1
0,1,0
0,1,0
0,0,1
0,0,1
0,0,1
1,0,0
1,0,0
0,1,0
0,0,1
0,0,1
0,0,1
0,0,1
0,0,1
1,0,0
0,1,0
0,1,0
0,0,1
0,0,1
0,1,0
0,1,0
0,0,1
1,0,0
0,0,1
1,0,0
0,1,0
0,1,0
0,1,0
0,1,0
0,1,0
0,1,0
0,1,0
0,0,1
0,1,0
0,0,1
0,0,1
0,1,0
0,1,0
0,1,0
0,1,0
0,0,1
0,1,0
0,0,1
0,0,1
0,1,0
0,1,0
0,0,1
0,1,0
0,1,0
0,1,0
1,0,0
0,1,0
0,1,0
0,1,0
0,0,1
0,0,1
0,0,1
0,1,0
0,1,0
0,1,0
0,0,1
0,0,1
0,1,0
0,1,0
0,1,0
0,0,1
0,1,0
0,1,0
0,0,1
0,1,0
0,1,0
0,0,1
0,0,1
0,1,0
0,1,0
0,1,0
0,0,1
0,0,1
0,1,0
0,1,0
0,1,0
0,0,1
0,1,0
0,1,0
0,1,0
0,1,0
0,1,0
0,1,0
0,0,1
1,0,0
0,0,1
0,1,0
0,1,0
0,1,0
1,0,0
0,0,1
0,1,0
0,1,0
0,1,0
0,1,0
0,1,0
1,0,0
0,0,1
0,0,1
0,0,1
0,1,0
0,1,0
0,0,1
0,0,1
0,1,0
0,1,0
0,1,0
0,0,1
0,0,1
0,1,0
0,1,0
0,1,0
0,0,1
0,1,0
0,0,1
0,1,0
0,1,0
0,1,0
0,1,0
0,1,0
0,0,1
0,1,0
0,1,0
0,1,0
0,0,1
0,0,1
0,0,1
0,1,0
0,0,1
0,1,0
0,1,0
0,1,0
0,1,0
0,1,0
0,1,0
0,1,0
0,1,0
0,1,0
0,0,1
0,1,0
0,1,0
0,1,0
0,0,1
0,0,1
0,0,1
0,1,0
0,1,0
0,1,0
0,1,0
0,0,1
0,1,0
0,1,0
0,0,1
0,0,1
0,1,0
0,1,0
0,1,0
0,1,0
0,1,0
0,1,0
0,1,0
0,0,1
0,0,1
0,0,1
1,0,0
0,1,0
0,0,1
0,1,0
0,0,1
0,1,0
0,0,1
0,1,0
0,1,0
0,1,0
0,1,0
0,0,1
0,0,1
0,1,0
1,0,0
0,0,1
0,1,0
0,1,0
0,1,0
0,1,0
0,1,0
0,1,0
0,1,0
1,0,0
0,0,1
0,0,1
0,1,0
0,1,0
0,1,0
0,1,0
0,1,0
0,1,0
0,1,0
0,1,0
0,1,0
0,1,0
0,1,0
0,1,0
0,0,1
0,1,0
0,0,1
0,1,0
0,0,1
0,1,0
0,0,1
0,1,0
0,0,1
0,1,0
0,0,1
0,1,0
0,0,1
0,0,1
0,1,0
0,1,0
0,1,0
0,0,1
0,1,0
0,0,1
0,1,0
0,1,0
0,1,0
0,1,0
0,1,0
0,0,1
0,0,1
0,1,0
0,1,0
0,1,0
0,1,0
0,1,0
0,0,1
0,0,1
0,1,0
0,0,1
0,1,0
0,1,0
0,1,0
1,0,0
0,0,1
0,1,0
0,1,0
0,1,0
0,0,1
0,1,0
0,1,0
0,1,0
0,1,0
0,1,0
0,1,0
0,1,0
0,1,0
0,0,1
0,0,1
0,1,0
1,0,0
0,1,0
0,1,0
0,1,0
0,1,0
0,0,1
0,1,0
0,1,0
1,0,0
0,1,0
1,0,0
0,1,0
1,0,0
0,1,0
0,1,0
0,0,1
0,0,1
0,0,1
0,1,0
0,0,1
0,1,0
0,1,0
0,1,0
1,0,0
0,1,0
0,1,0
0,0,1
0,0,1
0,1,0
0,1,0
0,0,1
0,0,1
0,1,0
0,1,0
0,0,1
0,1,0
0,1,0
0,0,1
0,1,0
0,1,0
0,0,1
0,1,0
0,0,1
0,1,0
0,0,1
0,1,0
0,1,0
0,0,1
0,0,1
0,1,0
0,1,0
0,1,0
0,0,1
0,1,0
0,1,0
0,1,0
0,0,1
0,1,0
0,1,0
0,0,1
0,1,0
0,1,0
0,1,0
0,1,0
0,1,0
0,1,0
0,1,0
0,1,0
1,0,0
1,0,0
0,1,0
0,0,1
0,1,0
0,0,1
0,1,0
0,1,0
0,1,0
0,1,0
0,1,0
0,0,1
0,1,0
0,0,1
0,1,0
1,0,0
0,0,1
0,1,0
0,0,1
0,1,0
0,1,0
0,1,0
0,1,0
0,1,0
0,0,1
0,1,0
0,0,1
0,1,0
0,1,0
0,0,1
0,1,0
0,1,0
1,0,0
0,1,0
0,0,1
0,1,0
0,0,1
0,1,0
0,1,0
0,1,0
0,0,1
0,0,1
0,0,1
0,1,0
1,0,0
0,0,1
0,0,1
0,1,0
0,1,0
0,0,1
0,0,1
1,0,0
0,1,0
0,1,0
0,1,0
0,1,0
0,0,1
0,0,1
0,1,0
0,0,1
0,1,0
0,1,0
0,1,0
0,0,1
0,1,0
0,0,1
0,1,0
0,1,0
0,0,1
0,1,0
0,1,0
0,1,0
0,1,0
0,1,0
0,0,1
0,0,1
0,0,1
0,1,0
0,0,1
0,1,0
0,1,0
0,1,0
0,0,1
0,0,1
0,0,1
0,1,0
0,1,0
0,1,0
0,1,0
0,1,0
0,1,0
0,0,1
0,0,1
0,1,0
1,0,0
0,0,1
0,1,0
0,0,1
0,0,1
1,0,0
0,1,0
0,1,0
0,1,0
0,1,0
0,1,0
0,1,0
0,0,1
0,1,0
0,1,0
0,1,0
0,0,1
0,1,0
0,1,0
0,0,1
0,1,0
0,1,0
0,0,1
0,0,1
0,0,1
1,0,0
0,1,0
0,0,1
0,0,1
0,0,1
0,0,1
0,1,0
0,0,1
0,1,0
0,0,1
0,1,0
0,1,0
0,1,0
0,0,1
0,0,1
0,1,0
1,0,0
0,1,0
0,0,1
0,0,1
0,1,0
0,1,0
0,1,0
1,0,0
0,1,0
0,1,0
0,1,0
0,1,0
0,1,0
0,0,1
0,0,1
0,1,0
0,1,0
0,0,1
0,0,1
0,1,0
0,1,0
0,1,0
0,1,0
0,0,1
0,1,0
0,1,0
0,0,1
0,1,0
0,0,1
0,1,0
0,1,0
0,1,0
0,1,0
0,1,0
0,0,1
0,1,0
0,1,0
0,0,1
0,1,0
0,0,1
0,1,0
0,1,0
0,1,0
0,0,1
0,0,1
0,0,1
0,1,0
0,0,1
0,0,1
0,0,1
0,0,1
0,1,0
1,0,0
0,0,1
0,0,1
0,0,1
0,1,0
0,1,0
0,1,0
0,0,1
0,1,0
0,1,0
0,1,0
0,0,1
0,1,0
0,0,1
0,1,0
0,1,0
0,0,1
0,1,0
0,0,1
0,1,0
0,1,0
0,1,0
0,1,0
1,0,0
0,0,1
0,1,0
0,1,0
0,1,0
0,0,1
0,0,1
0,1,0
0,1,0
0,1,0
0,0,1
0,1,0
0,1,0
0,0,1
0,1,0
0,0,1
0,1,0
0,0,1
0,1,0
0,1,0
0,0,1
0,1,0
0,1,0
0,0,1
0,0,1
0,1,0
0,0,1
0,1,0
0,1,0
0,0,1
0,1,0
0,1,0
0,0,1
0,1,0
0,1,0
0,0,1
0,1,0
0,0,1
0,1,0
0,0,1
0,1,0
0,1,0
0,1,0
0,1,0
0,0,1
0,1,0
0,0,1
0,0,1
0,0,1
0,1,0
0,1,0
0,1,0
0,1,0
0,1,0
0,1,0
0,1,0
0,1,0
0,1,0
0,1,0
0,1,0
0,0,1
0,1,0
0,0,1
0,1,0
0,1,0
0,0,1
0,1,0
1,0,0
0,1,0
0,1,0
0,1,0
0,1,0
0,0,1
0,1,0
0,1,0
0,0,1
0,0,1
0,1,0
0,1,0
0,0,1
0,0,1
0,0,1
0,1,0
1,0,0
0,1,0
0,1,0
0,1,0
0,1,0
0,1,0
0,0,1
0,0,1
0,1,0
0,1,0
1,0,0
0,1,0
0,1,0
0,0,1
0,1,0
0,1,0
0,1,0
0,1,0
0,0,1
0,1,0
0,1,0
0,0,1
0,1,0
0,1,0
0,0,1
0,0,1
0,1,0
0,1,0
1,0,0
0,0,1
0,1,0
0,0,1
0,0,1
0,1,0
0,0,1
0,0,1
0,1,0
1,0,0
0,1,0
0,1,0
0,0,1
0,0,1
0,0,1
0,1,0
0,1,0
0,0,1
0,1,0
0,0,1
0,1,0
0,1,0
0,1,0
0,0,1
1,0,0
0,1,0
0,1,0
0,1,0
0,0,1
0,1,0
0,1,0
0,0,1
0,1,0
0,1,0
0,0,1
0,1,0
0,1,0
0,1,0
0,1,0
0,0,1
0,1,0
0,1,0
0,1,0
0,1,0
0,1,0
0,1,0
0,0,1
0,1,0
0,1,0
0,0,1
0,1,0
0,1,0
0,1,0
0,1,0
0,1,0
0,1,0
0,1,0
0,1,0
0,0,1
0,0,1
0,1,0
0,1,0
0,1,0
0,0,1
0,0,1
0,1,0
0,1,0
0,0,1
0,1,0
0,1,0
0,0,1
0,0,1
0,1,0
0,1,0
0,1,0
0,0,1
0,1,0
0,0,1
0,1,0
0,1,0
0,1,0
0,1,0
0,1,0
0,1,0
0,0,1
0,0,1
0,1,0
1,0,0
0,1,0
0,0,1
0,0,1
1,0,0
0,1,0
0,0,1
0,1,0
0,0,1
0,0,1
0,1,0
0,1,0
0,0,1
0,1,0
0,0,1
0,1,0
0,1,0
0,1,0
0,1,0
0,1,0
0,0,1
0,1,0
0,0,1
0,0,1
0,1,0
0,1,0
0,1,0
0,1,0
0,1,0
1,0,0
0,1,0
0,1,0
0,1,0
0,0,1
0,0,1
0,1,0
0,1,0
0,1,0
0,0,1
0,0,1
0,1,0
0,0,1
0,1,0
0,0,1
0,1,0
0,1,0
0,0,1
0,0,1
0,0,1
0,1,0
0,1,0
0,1,0
0,0,1
0,1,0
0,0,1
0,1,0
0,1,0
0,1,0
0,1,0
0,1,0
0,0,1
0,1,0
0,0,1
0,1,0
0,0,1
0,0,1
1,0,0
0,0,1
0,1,0
0,0,1
0,1,0
0,0,1
0,1,0
0,0,1
0,0,1
0,1,0
0,0,1
1,0,0
0,0,1
1,0,0
0,1,0
0,1,0
0,1,0
1,0,0
0,1,0
0,1,0
0,1,0
0,1,0
0,0,1
0,1,0
0,1,0
0,1,0
0,1,0
0,1,0
0,0,1
0,0,1
0,0,1
0,0,1
0,0,1
0,0,1
0,1,0
0,1,0
0,1,0
0,0,1
0,1,0
0,1,0
0,0,1
0,0,1
0,0,1
0,1,0
0,1,0
0,1,0
0,0,1
0,0,1
0,1,0
0,1,0
0,1,0
0,0,1
0,0,1
0,0,1
1,0,0
1,0,0
0,0,1
0,1,0
0,1,0
0,1,0
0,0,1
0,0,1
0,0,1
0,1,0
0,0,1
0,1,0
0,0,1
0,1,0
0,0,1
0,0,1
0,1,0
0,1,0
0,1,0
0,1,0
0,1,0
0,1,0
0,0,1
0,1,0
0,1,0
0,1,0
0,1,0
0,1,0
0,0,1
1,0,0
0,1,0
0,1,0
0,1,0
0,0,1
0,1,0
0,1,0
0,0,1
0,1,0
0,1,0
0,1,0
0,0,1
0,0,1
0,0,1
1,0,0
0,1,0
0,0,1
0,1,0
0,1,0
0,1,0
0,1,0
0,1,0
0,0,1
0,0,1
0,1,0
0,0,1
0,0,1
0,0,1
0,0,1
0,0,1
0,1,0
0,1,0
0,0,1
1,0,0
0,0,1
0,0,1
0,0,1
0,0,1
0,1,0
0,1,0
0,1,0
0,1,0
0,1,0
0,0,1
0,0,1
0,1,0
0,1,0
0,1,0
0,1,0
0,0,1
0,0,1
0,1,0
0,1,0
0,1,0
0,0,1
1,0,0
0,0,1
0,1,0
0,0,1
0,0,1
0,1,0
1,0,0
0,1,0
0,0,1
0,1,0
0,0,1
0,0,1
0,1,0
0,0,1
0,1,0
0,1,0
0,1,0
0,0,1
0,0,1
0,0,1
0,1,0
0,1,0
0,1,0
0,0,1
0,1,0
0,1,0
0,1,0
0,1,0
0,0,1
0,0,1
0,1,0
0,1,0
0,0,1
0,1,0
1,0,0
0,1,0
0,1,0
0,1,0
0,1,0
0,1,0
0,0,1
0,0,1
0,1,0
0,1,0
0,1,0
0,1,0
0,1,0
0,1,0
0,1,0
0,1,0
0,1,0
0,1,0
0,0,1
0,1,0
0,1,0
0,0,1
0,1,0
0,0,1
0,1,0
0,1,0
0,0,1
0,0,1
0,1,0
0,1,0
0,1,0
0,0,1
0,1,0
0,0,1
0,0,1
0,0,1
0,1,0
1,0,0
0,1,0
0,1,0
0,1,0
0,1,0
0,0,1
0,0,1
0,1,0
0,1,0
0,1,0
0,1,0
0,1,0
0,1,0
0,1,0
0,1,0
0,1,0
0,0,1
0,0,1
1,0,0
0,1,0
0,1,0
0,1,0
0,1,0
0,1,0
0,1,0
0,0,1
0,1,0
0,1,0
0,1,0
0,0,1
0,1,0
0,1,0
0,1,0
0,1,0
0,0,1
0,1,0
0,0,1
0,0,1
0,0,1
0,1,0
0,1,0
0,0,1
1,0,0
0,0,1
0,1,0
0,1,0
0,1,0
0,1,0
0,1,0
0,1,0
0,1,0
0,1,0
0,1,0
0,0,1
0,1,0
0,1,0
1,0,0
0,0,1
0,1,0
0,0,1
0,0,1
0,1,0
0,1,0
0,1,0
0,1,0
0,0,1
0,0,1
0,1,0
0,0,1
0,1,0
0,1,0
0,1,0
0,1,0
0,1,0
0,0,1
0,0,1
0,1,0
0,0,1
0,0,1
0,1,0
0,1,0
0,1,0
0,1,0
0,1,0
0,1,0
0,1,0
0,1,0
0,0,1
0,1,0
0,1,0
0,1,0
0,1,0
0,0,1
1,0,0
0,0,1
0,1,0
0,1,0
0,0,1
0,1,0
0,0,1
0,1,0
0,1,0
0,1,0
0,0,1
0,0,1
0,0,1
0,1,0
0,1,0
0,0,1
0,1,0
1,0,0
0,1,0
0,0,1
1,0,0
0,0,1
0,0,1
0,0,1
0,0,1
0,0,1
0,1,0
0,1,0
0,0,1
0,1,0
0,1,0
0,1,0
0,1,0
0,1,0
0,1,0
0,0,1
0,1,0
0,1,0
0,0,1
0,0,1
0,1,0
0,1,0
0,1,0
0,1,0
0,0,1
0,1,0
0,1,0
0,1,0
0,0,1
0,0,1
0,1,0
0,1,0
0,0,1
0,1,0
0,1,0
0,1,0
0,1,0
0,1,0
0,1,0
0,0,1
0,1,0
0,1,0
0,1,0
1,0,0
0,0,1
0,1,0
0,0,1
1,0,0
0,0,1
0,0,1
0,1,0
0,1,0
0,1,0
0,0,1
0,0,1
0,0,1
0,1,0
0,1,0
0,0,1
0,1,0
0,1,0
0,1,0
0,0,1
0,1,0
0,1,0
0,1,0
0,1,0
0,1,0
0,1,0
1,0,0
0,1,0
0,1,0
0,1,0
0,1,0
0,1,0
0,1,0
0,0,1
0,1,0
0,1,0
0,0,1
0,1,0
0,1,0
0,1,0
0,0,1
0,1,0
0,0,1
0,1,0
0,1,0
0,0,1
0,0,1
0,1,0
1,0,0
0,0,1
0,0,1
0,1,0
0,0,1
0,1,0
0,0,1
1,0,0
0,0,1
0,1,0
0,0,1
0,1,0
1,0,0
0,1,0
0,0,1
0,1,0
0,1,0
0,1,0
0,1,0
0,0,1
0,1,0
0,1,0
0,1,0
0,0,1
0,1,0
1,0,0
0,1,0
0,0,1
0,1,0
0,1,0
0,0,1
0,1,0
0,0,1
0,1,0
0,0,1
0,1,0
0,1,0
0,0,1
0,1,0
0,1,0
0,0,1
0,1,0
0,1,0
0,1,0
0,0,1
0,0,1
0,1,0
0,0,1
0,1,0
0,1,0
0,0,1
0,0,1
0,0,1
0,1,0
0,1,0
0,1,0
0,0,1
0,1,0
0,0,1
0,1,0
0,1,0
0,1,0
0,1,0
0,1,0
0,0,1
0,1,0
0,1,0
0,0,1
0,1,0
0,1,0
0,0,1
0,0,1
0,1,0
0,1,0
0,1,0
0,1,0
0,0,1
0,1,0
0,1,0
0,1,0
0,1,0
1,0,0
0,1,0
0,1,0
0,0,1
0,0,1
1,0,0
0,1,0
0,1,0
0,1,0
0,1,0
0,1,0
0,1,0
0,0,1
0,0,1
0,1,0
0,0,1
0,1,0
0,1,0
0,1,0
0,1,0
0,1,0
0,0,1
0,0,1
0,1,0
0,1,0
0,0,1
0,0,1
0,1,0
0,1,0
0,1,0
0,1,0
0,1,0
0,0,1
0,1,0
0,1,0
0,1,0
0,1,0
0,0,1
0,0,1
0,0,1
1,0,0
0,0,1
0,1,0
0,1,0
0,1,0
0,1,0
0,0,1
1,0,0
0,0,1
0,1,0
0,1,0
0,0,1
0,0,1
0,1,0
0,1,0
0,0,1
0,1,0
0,0,1
0,1,0
0,1,0
1,0,0
0,1,0
0,1,0
0,0,1
0,1,0
0,1,0
0,0,1
0,1,0
0,1,0
0,1,0
0,0,1
0,0,1
0,0,1
0,0,1
0,1,0
1,0,0
0,1,0
0,0,1
0,1,0
0,1,0
0,1,0
0,0,1
0,0,1
0,1,0
0,1,0
0,0,1
0,1,0
0,1,0
0,1,0
0,1,0
0,1,0
0,1,0
0,1,0
0,0,1
0,0,1
0,0,1
0,1,0
0,0,1
1,0,0
0,1,0
0,1,0
0,0,1
0,1,0
0,0,1
0,0,1
0,0,1
0,1,0
0,0,1
0,0,1
1,0,0
0,0,1
0,1,0
0,1,0
0,1,0
0,1,0
1,0,0
0,1,0
0,1,0
0,1,0
0,0,1
0,0,1
1,0,0
0,0,1
0,0,1
0,1,0
0,1,0
0,1,0
0,1,0
0,0,1
0,0,1
0,1,0
0,0,1
0,1,0
0,1,0
0,1,0
0,0,1
0,1,0
0,1,0
0,0,1
0,1,0
1,0,0
0,0,1
0,1,0
0,0,1
0,1,0
0,0,1
0,0,1
0,0,1
0,0,1
0,0,1
0,0,1
0,0,1
0,1,0
0,1,0
0,0,1
0,0,1
0,0,1
0,1,0
0,1,0
0,1,0
1,0,0
1,0,0
0,1,0
0,1,0
0,0,1
0,0,1
0,0,1
0,1,0
0,1,0
0,1,0
0,1,0
0,1,0
0,1,0
0,1,0
0,1,0
1,0,0
0,1,0
0,0,1
1,0,0
0,1,0
0,1,0
0,0,1
0,1,0
0,0,1
0,1,0
0,1,0
0,0,1
0,1,0
0,1,0
0,0,1
0,0,1
0,0,1
0,0,1
0,1,0
0,0,1
0,1,0
0,1,0
0,1,0
0,1,0
0,0,1
0,1,0
0,0,1
0,0,1
0,1,0
0,1,0
0,1,0
0,1,0
0,1,0
0,0,1
0,0,1
0,1,0
0,1,0
0,1,0
0,0,1
0,1,0
0,0,1
0,1,0
0,1,0
0,0,1
1,0,0
0,0,1
0,0,1
0,1,0
0,1,0
0,0,1
0,0,1
0,0,1
0,1,0
0,0,1
0,0,1
0,1,0
0,0,1
0,1,0
0,1,0
0,1,0
0,1,0
0,1,0
0,1,0
0,0,1
1,0,0
0,1,0
0,1,0
0,1,0
0,1,0
0,0,1
0,0,1
1,0,0
0,1,0
0,1,0
0,0,1
0,1,0
0,0,1
1,0,0
0,1,0
0,1,0
1,0,0
0,0,1
0,0,1
0,1,0
0,1,0
0,1,0
0,0,1
0,0,1
0,0,1
0,0,1
0,1,0
0,1,0
1,0,0
0,1,0
0,0,1
0,0,1
0,0,1
0,0,1
0,0,1
1,0,0
0,1,0
0,0,1
0,1,0
0,1,0
0,1,0
0,1,0
0,1,0
0,0,1
0,0,1
0,0,1
1,0,0
0,0,1
0,1,0
0,0,1
0,1,0
0,1,0
1,0,0
0,1,0
0,1,0
0,1,0
0,1,0
0,0,1
0,1,0
0,1,0
0,1,0
0,1,0
0,1,0
0,1,0
1,0,0
0,1,0
0,0,1
0,1,0
0,0,1
0,1,0
0,1,0
0,1,0
0,1,0
0,1,0
0,0,1
0,1,0
0,0,1
1,0,0
0,0,1
0,0,1
0,0,1
0,0,1
0,1,0
0,1,0
0,1,0
0,0,1
0,0,1
0,1,0
0,1,0
0,1,0
0,1,0
0,1,0
0,0,1
0,1,0
0,1,0
0,0,1
0,0,1
0,1,0
0,1,0
0,1,0
0,0,1
0,1,0
0,0,1
0,0,1
0,1,0
0,1,0
0,1,0
0,1,0
0,1,0
0,0,1
0,1,0
0,1,0
0,0,1
0,0,1
0,1,0
0,1,0
1,0,0
0,1,0
0,1,0
1,0,0
0,0,1
0,1,0
0,1,0
0,1,0
0,0,1
0,1,0
0,0,1
0,0,1
0,0,1
0,0,1
0,1,0
0,1,0
0,1,0
0,1,0
0,0,1
1,0,0
0,1,0
0,1,0
1,0,0
0,1,0
1,0,0
0,1,0
0,0,1
0,1,0
0,1,0
0,1,0
0,0,1
0,1,0
0,1,0
0,1,0
0,1,0
0,0,1
0,1,0
0,1,0
1,0,0
0,1,0
0,0,1
0,0,1
0,1,0
0,1,0
0,1,0
0,0,1
0,0,1
0,1,0
0,1,0
0,0,1
0,1,0
0,1,0
0,0,1
0,0,1
0,1,0
0,0,1
0,1,0
0,0,1
0,1,0
0,1,0
0,0,1
0,1,0
0,1,0
0,1,0
1,0,0
0,1,0
0,1,0
0,1,0
0,0,1
0,0,1
0,1,0
0,1,0
0,1,0
0,1,0
0,0,1
0,0,1
0,1,0
0,1,0
0,0,1
0,1,0
0,0,1
0,1,0
0,0,1
0,1,0
0,0,1
0,0,1
0,0,1
0,1,0
0,1,0
0,1,0
1,0,0
0,0,1
1,0,0
0,1,0
0,1,0
1,0,0
0,0,1
0,1,0
0,1,0
0,1,0
0,1,0
0,1,0
0,0,1
1,0,0
1,0,0
1,0,0
0,0,1
0,1,0
0,1,0
0,1,0
0,1,0
0,1,0
0,0,1
0,1,0
0,1,0
0,0,1
0,1,0
0,1,0
0,0,1
0,0,1
1,0,0
0,0,1
1,0,0
0,1,0
0,1,0
0,1,0
0,1,0
0,0,1
0,1,0
0,1,0
0,0,1
0,1,0
0,1,0
0,0,1
0,0,1
0,0,1
0,0,1
1,0,0
0,1,0
0,1,0
0,0,1
0,0,1
0,0,1
0,0,1
0,0,1
0,1,0
0,1,0
0,1,0
0,1,0
0,1,0
0,0,1
0,0,1
0,1,0
0,1,0
0,0,1
1,0,0
0,1,0
0,0,1
0,1,0
0,1,0
0,1,0
0,1,0
0,1,0
0,0,1
0,1,0
0,1,0
0,0,1
0,0,1
0,1,0
0,0,1
0,1,0
0,0,1
0,1,0
0,0,1
0,0,1
0,1,0
0,1,0
0,1,0
0,1,0
0,0,1
1,0,0
0,0,1
0,1,0
0,0,1
0,0,1
0,0,1
0,1,0
0,1,0
0,1,0
0,0,1
0,0,1
0,1,0
0,1,0
0,0,1
0,1,0
0,1,0
0,1,0
0,0,1
0,1,0
0,1,0
0,1,0
0,0,1
0,1,0
0,0,1
1,0,0
0,1,0
1,0,0
0,1,0
0,1,0
0,1,0
0,0,1
0,0,1
0,1,0
0,1,0
0,1,0
0,1,0
0,0,1
0,0,1
0,1,0
0,1,0
0,0,1
0,1,0
1,0,0
0,1,0
0,0,1
0,1,0
0,1,0
0,0,1
0,1,0
1,0,0
0,1,0
0,1,0
0,1,0
0,0,1
0,1,0
0,1,0
0,0,1
0,0,1
0,1,0
1,0,0
0,0,1
0,1,0
0,1,0
0,0,1
0,1,0
0,1,0
0,1,0
0,1,0
0,1,0
0,1,0
0,1,0
0,1,0
0,1,0
0,1,0
0,1,0
0,1,0
0,0,1
0,1,0
0,1,0
0,1,0
0,0,1
1,0,0
0,0,1
0,1,0
0,1,0
0,0,1
0,1,0
0,1,0
0,1,0
0,1,0
0,1,0
0,1,0
0,1,0
0,0,1
1,0,0
0,0,1
0,0,1
0,1,0
0,0,1
0,1,0
1,0,0
0,0,1
0,1,0
0,0,1
0,1,0
0,1,0
0,1,0
0,1,0
0,1,0
0,0,1
0,1,0
0,0,1
0,1,0
0,0,1
0,1,0
0,1,0
0,1,0
0,1,0
0,0,1
0,1,0
0,1,0
0,0,1
0,1,0
0,0,1
0,0,1
0,1,0
0,1,0
0,0,1
0,1,0
0,0,1
0,1,0
0,1,0
0,1,0
0,1,0
0,1,0
0,0,1
0,1,0
0,0,1
1,0,0
0,1,0
0,1,0
0,0,1
0,1,0
1,0,0
0,0,1
0,1,0
0,1,0
0,1,0
0,1,0
0,0,1
0,0,1
0,1,0
0,1,0
0,1,0
0,0,1
0,1,0
0,0,1
0,1,0
0,1,0
0,0,1
0,1,0
0,1,0
0,0,1
0,0,1
0,1,0
0,1,0
0,0,1
1,0,0
0,1,0
0,1,0
0,0,1
0,1,0
0,1,0
0,1,0
0,1,0
0,1,0
0,0,1
0,1,0
1,0,0
0,1,0
0,0,1
0,0,1
0,1,0
0,1,0
0,1,0
0,1,0
0,0,1
0,0,1
0,1,0
0,1,0
0,0,1
0,0,1
0,0,1
0,1,0
0,1,0
0,0,1
0,0,1
0,0,1
0,1,0
0,0,1
0,0,1
0,1,0
0,1,0
1,0,0
0,1,0
0,1,0
0,1,0
0,1,0
0,1,0
0,1,0
0,0,1
0,1,0
0,0,1
1,0,0
0,1,0
0,1,0
0,0,1
0,1,0
0,1,0
0,1,0
0,1,0
0,0,1
0,1,0
0,1,0
0,0,1
0,1,0
0,0,1
1,0,0
0,0,1
0,0,1
1,0,0
1,0,0
0,1,0
0,1,0
0,1,0
0,1,0
0,1,0
0,1,0
0,0,1
0,1,0
0,0,1
0,1,0
0,0,1
0,1,0
0,1,0
0,1,0
0,1,0
0,0,1
0,0,1
0,0,1
0,1,0
0,1,0
0,0,1
0,0,1
0,0,1
0,1,0
0,1,0
0,0,1
0,1,0
0,1,0
0,1,0
0,0,1
0,0,1
0,1,0
0,0,1
0,0,1
0,1,0
0,1,0
0,1,0
1,0,0
0,1,0
0,1,0
0,1,0
0,0,1
0,1,0
0,1,0
0,1,0
0,1,0
0,1,0
0,1,0
0,1,0
0,1,0
0,1,0
0,0,1
0,1,0
0,1,0
0,0,1
0,1,0
0,0,1
0,0,1
0,0,1
0,1,0
0,1,0
0,0,1
0,1,0
0,1,0
0,1,0
0,1,0
0,1,0
0,0,1
0,0,1
0,1,0
0,1,0
0,1,0
0,1,0
0,0,1
0,0,1
0,1,0
0,1,0
0,1,0
0,0,1
0,1,0
0,1,0
0,1,0
0,1,0
0,0,1
0,1,0
0,1,0
0,1,0
0,1,0
0,1,0
0,0,1
0,1,0
0,1,0
1,0,0
0,1,0
1,0,0
0,1,0
0,0,1
0,1,0
0,1,0
0,0,1
0,1,0
0,1,0
0,1,0
0,0,1
0,1,0
0,0,1
0,0,1
0,1,0
0,1,0
0,0,1
0,1,0
0,1,0
1,0,0
0,1,0
0,1,0
0,0,1
1,0,0
0,1,0
0,0,1
0,0,1
1,0,0
0,1,0
0,0,1
0,1,0
0,0,1
0,1,0
0,1,0
0,1,0
0,1,0
0,0,1
0,1,0
0,0,1
0,1,0
0,0,1
0,0,1
0,1,0
1,0,0
0,1,0
0,0,1
0,1,0
0,1,0
0,1,0
0,0,1
1,0,0
0,1,0
1,0,0
0,1,0
0,1,0
1,0,0
0,0,1
1,0,0
0,1,0
0,0,1
0,1,0
1,0,0
0,0,1
0,0,1
0,0,1
0,1,0
0,1,0
1,0,0
0,1,0
0,0,1
0,1,0
0,1,0
0,1,0
0,1,0
0,0,1
0,1,0
0,1,0
0,1,0
0,0,1
0,1,0
0,0,1
0,1,0
0,0,1
0,0,1
0,1,0
0,1,0
0,0,1
0,1,0
0,0,1
0,0,1
0,1,0
0,1,0
0,1,0
0,0,1
0,0,1
0,0,1
0,0,1
0,1,0
0,0,1
0,1,0
0,0,1
0,1,0
0,0,1
0,1,0
0,1,0
1,0,0
0,1,0
0,0,1
0,1,0
0,0,1
0,1,0
0,1,0
0,0,1
0,1,0
0,1,0
0,0,1
0,0,1
0,0,1
0,1,0
0,1,0
0,1,0
0,0,1
0,0,1
0,1,0
1,0,0
0,1,0
0,1,0
0,0,1
0,0,1
0,0,1
0,1,0
0,1,0
0,1,0
0,1,0
0,1,0
0,0,1
0,0,1
0,1,0
0,0,1
0,0,1
0,1,0
0,1,0
0,0,1
1,0,0
0,1,0
0,1,0
0,0,1
0,1,0
0,1,0
0,1,0
1,0,0
0,1,0
0,1,0
0,1,0
0,1,0
0,1,0
0,0,1
0,1,0
0,1,0
0,1,0
0,1,0
0,1,0
0,0,1
0,1,0
0,0,1
0,1,0
0,0,1
0,1,0
0,1,0
0,0,1
0,1,0
0,0,1
0,1,0
0,0,1
0,1,0
0,1,0
1,0,0
0,1,0
0,1,0
0,0,1
0,0,1
0,1,0
0,0,1
0,0,1
0,0,1
0,1,0
0,0,1
0,1,0
0,0,1
0,1,0
0,0,1
0,1,0
0,1,0
0,1,0
0,1,0
0,1,0
0,1,0
0,1,0
0,0,1
0,1,0
0,1,0
0,0,1
0,0,1
0,0,1
0,0,1
0,1,0
0,0,1
0,0,1
0,1,0
0,1,0
0,0,1
0,1,0
0,1,0
0,1,0
0,1,0
0,0,1
0,1,0
0,1,0
0,1,0
0,1,0
0,1,0
1,0,0
0,1,0
0,1,0
0,1,0
0,1,0
0,0,1
0,1,0
0,0,1
0,1,0
0,0,1
0,1,0
0,1,0
0,1,0
0,1,0
0,1,0
0,0,1
0,1,0
0,0,1
0,1,0
0,0,1
0,1,0
0,1,0
0,0,1
0,1,0
1,0,0
0,0,1
0,1,0
0,0,1
0,1,0
0,1,0
0,0,1
0,1,0
0,1,0
0,1,0
0,1,0
0,1,0
0,1,0
0,1,0
0,0,1
0,0,1
0,1,0
0,1,0
0,1,0
0,1,0
0,0,1
0,0,1
0,0,1
0,1,0
0,0,1
0,1,0
0,0,1
0,1,0
0,0,1
0,1,0
0,1,0
0,0,1
1,0,0
1,0,0
0,1,0
0,1,0
0,0,1
0,1,0
0,0,1
0,0,1
0,1,0
0,0,1
0,1,0
0,1,0
0,1,0
0,0,1
0,1,0
0,1,0
0,1,0
0,0,1
0,0,1
0,0,1
0,1,0
0,0,1
0,1,0
0,1,0
0,0,1
0,0,1
0,1,0
0,0,1
0,0,1
0,0,1
0,1,0
1,0,0
0,1,0
0,1,0
0,1,0
0,1,0
0,1,0
0,1,0
0,0,1
0,1,0
0,1,0
0,1,0
0,0,1
0,0,1
0,0,1
0,1,0
0,1,0
0,1,0
0,1,0
0,0,1
0,1,0
0,1,0
0,1,0
0,1,0
0,1,0
0,1,0
0,1,0
0,1,0
0,1,0
0,0,1
0,1,0
0,1,0
0,1,0
0,0,1
0,1,0
0,1,0
0,1,0
0,1,0
0,1,0
0,0,1
0,1,0
0,1,0
0,1,0
0,0,1
0,0,1
0,1,0
0,0,1
0,0,1
0,1,0
0,1,0
0,0,1
0,1,0
0,0,1
0,0,1
0,0,1
0,0,1
0,0,1
0,0,1
0,1,0
0,1,0
0,1,0
0,1,0
0,1,0
0,1,0
0,1,0
0,0,1
0,0,1
0,1,0
0,0,1
0,1,0
0,0,1
0,0,1
0,0,1
0,1,0
1,0,0
0,1,0
0,0,1
0,1,0
0,1,0
0,1,0
0,0,1
0,1,0
0,1,0
0,1,0
0,1,0
0,0,1
0,1,0
0,0,1
0,0,1
0,1,0
0,1,0
0,0,1
0,0,1
0,1,0
1,0,0
0,1,0
0,1,0
0,1,0
0,0,1
0,1,0
0,1,0
0,0,1
0,0,1
0,1,0
0,0,1
0,0,1
0,1,0
0,1,0
0,0,1
0,1,0
0,0,1
0,1,0
0,1,0
0,1,0
0,0,1
0,0,1
0,0,1
0,0,1
0,1,0
0,0,1
0,1,0
0,1,0
0,1,0
0,0,1
0,1,0
0,1,0
0,1,0
0,0,1
0,1,0
0,1,0
0,1,0
0,0,1
0,1,0
0,1,0
0,1,0
0,1,0
0,1,0
0,1,0
0,1,0
0,0,1
0,1,0
0,1,0
1,0,0
0,1,0
0,1,0
0,1,0
0,1,0
1,0,0
0,1,0
0,0,1
1,0,0
0,1,0
0,1,0
0,1,0
0,1,0
0,0,1
1,0,0
0,0,1
0,0,1
0,1,0
0,1,0
0,1,0
0,0,1
0,1,0
0,1,0
0,1,0
0,0,1
0,0,1
0,1,0
0,1,0
0,0,1
0,1,0
0,0,1
0,0,1
0,1,0
0,1,0
0,1,0
0,0,1
0,0,1
0,0,1
0,1,0
0,1,0
0,1,0
0,0,1
0,0,1
0,0,1
0,1,0
0,0,1
0,1,0
0,1,0
0,1,0
0,1,0
0,1,0
0,0,1
0,1,0
0,0,1
0,1,0
0,1,0
0,1,0
0,1,0
0,1,0
0,1,0
0,1,0
0,1,0
0,1,0
0,0,1
0,0,1
0,1,0
0,0,1
0,1,0
1,0,0
1,0,0
0,1,0
0,1,0
0,1,0
0,0,1
0,1,0
0,1,0
0,1,0
1,0,0
0,1,0
1,0,0
0,0,1
0,1,0
0,0,1
0,0,1
0,1,0
0,1,0
0,1,0
0,1,0
0,1,0
0,1,0
0,1,0
0,1,0
0,1,0
0,1,0
0,0,1
0,0,1
0,1,0
0,1,0
0,0,1
0,1,0
0,1,0
0,1,0
1,0,0
0,0,1
0,0,1
0,1,0
0,1,0
0,0,1
0,1,0
0,1,0
0,1,0
0,1,0
0,0,1
0,0,1
0,1,0
0,0,1
0,1,0
0,0,1
1,0,0
0,1,0
1,0,0
0,1,0
0,0,1
0,1,0
0,1,0
0,1,0
0,1,0
0,1,0
0,1,0
0,1,0
0,1,0
0,1,0
0,0,1
1,0,0
0,1,0
0,1,0
0,1,0
0,1,0
0,1,0
0,0,1
0,1,0
0,1,0
0,1,0
0,1,0
0,1,0
0,1,0
1,0,0
0,1,0
0,1,0
0,0,1
0,1,0
0,1,0
1,0,0
0,1,0
0,1,0
0,1,0
0,0,1
0,1,0
0,1,0
0,1,0
0,0,1
0,0,1
0,0,1
1,0,0
0,1,0
0,0,1
0,0,1
0,0,1
0,1,0
0,0,1
0,1,0
0,1,0
0,0,1
0,0,1
0,1,0
0,1,0
0,0,1
0,1,0
0,1,0
0,0,1
0,0,1
0,0,1
1,0,0
0,1,0
0,0,1
0,1,0
0,0,1
0,0,1
0,1,0
0,0,1
0,1,0
0,1,0
0,0,1
0,0,1
0,0,1
1,0,0
0,0,1
0,1,0
0,0,1
1,0,0
0,1,0
0,1,0
0,1,0
0,1,0
0,1,0
0,0,1
0,1,0
0,1,0
0,1,0
0,1,0
0,1,0
0,0,1
0,0,1
1,0,0
0,1,0
0,0,1
0,0,1
0,1,0
0,0,1
0,1,0
0,0,1
0,1,0
0,1,0
0,1,0
0,0,1
0,0,1
0,0,1
0,1,0
0,0,1
0,0,1
0,0,1
0,0,1
0,1,0
0,1,0
0,0,1
0,1,0
0,0,1
0,1,0
0,1,0
0,1,0
0,0,1
0,1,0
0,0,1
0,1,0
0,1,0
0,1,0
0,0,1
0,0,1
0,1,0
0,1,0
0,1,0
0,1,0
0,0,1
0,0,1
0,1,0
0,1,0
0,1,0
0,1,0
0,0,1
0,0,1
1,0,0
0,1,0
0,0,1
0,1,0
0,1,0
0,0,1
0,1,0
0,1,0
0,0,1
0,0,1
0,1,0
0,1,0
0,0,1
0,1,0
0,0,1
0,1,0
1,0,0
0,1,0
1,0,0
0,1,0
0,0,1
1,0,0
0,1,0
0,1,0
0,1,0
0,0,1
0,1,0
0,1,0
0,1,0
0,1,0
0,1,0
1,0,0
0,0,1
0,1,0
0,1,0
0,1,0
0,1,0
0,1,0
0,1,0
0,0,1
0,1,0
0,0,1
0,1,0
0,1,0
0,1,0
0,1,0
0,0,1
0,1,0
0,0,1
0,1,0
0,1,0
0,0,1
0,0,1
0,0,1
0,0,1
0,1,0
0,1,0
0,1,0
0,1,0
0,1,0
0,0,1
1,0,0
0,1,0
0,0,1
0,0,1
0,1,0
0,0,1
0,1,0
0,1,0
0,1,0
0,1,0
0,1,0
0,0,1
0,1,0
0,0,1
0,1,0
0,1,0
0,1,0
0,1,0
0,1,0
0,0,1
0,0,1
0,1,0
0,1,0
0,1,0
0,1,0
0,1,0
0,0,1
0,0,1
0,0,1
0,0,1
0,0,1
1,0,0
0,1,0
0,1,0
0,0,1
0,1,0
1,0,0
0,1,0
0,1,0
0,1,0
0,0,1
0,0,1
0,1,0
0,1,0
0,0,1
0,1,0
0,1,0
0,1,0
0,0,1
0,0,1
0,0,1
0,1,0
0,1,0
0,1,0
0,0,1
0,1,0
0,0,1
0,0,1
0,1,0
0,1,0
0,1,0
0,1,0
0,0,1
0,1,0
0,1,0
0,1,0
0,0,1
0,0,1
0,1,0
0,0,1
0,1,0
0,0,1
0,1,0
0,1,0
0,1,0
0,1,0
0,0,1
0,0,1
0,1,0
0,1,0
0,0,1
0,1,0
0,1,0
0,0,1
0,1,0
0,0,1
0,1,0
0,1,0
0,0,1
0,0,1
0,1,0
0,0,1
0,1,0
1,0,0
0,1,0
0,0,1
0,0,1
0,1,0
0,0,1
0,1,0
1,0,0
0,1,0
0,1,0
0,0,1
0,1,0
1,0,0
0,0,1
0,1,0
0,1,0
0,1,0
0,1,0
0,1,0
0,1,0
0,0,1
0,1,0
0,0,1
0,0,1
0,0,1
1,0,0
0,0,1
0,0,1
0,1,0
0,1,0
0,0,1
0,1,0
0,0,1
0,1,0
1,0,0
0,1,0
0,1,0
0,1,0
0,1,0
0,1,0
0,1,0
0,1,0
0,1,0
1,0,0
0,1,0
0,1,0
0,1,0
0,0,1
0,1,0
0,1,0
0,1,0
0,1,0
0,1,0
0,1,0
0,1,0
0,0,1
0,1,0
0,0,1
0,1,0
1,0,0
0,0,1
0,1,0
0,1,0
0,1,0
0,1,0
0,0,1
0,1,0
0,0,1
0,0,1
0,1,0
0,1,0
0,0,1
0,0,1
0,1,0
0,1,0
1,0,0
0,1,0
0,0,1
0,0,1
0,1,0
0,1,0
0,0,1
0,0,1
0,1,0
0,1,0
0,0,1
0,1,0
0,1,0
0,1,0
0,0,1
0,0,1
0,1,0
0,1,0
0,1,0
0,0,1
0,0,1
0,0,1
0,1,0
0,1,0
0,1,0
0,1,0
0,1,0
0,0,1
1,0,0
0,0,1
0,1,0
0,0,1
0,0,1
0,1,0
0,1,0
0,1,0
0,1,0
0,1,0
0,1,0
0,1,0
0,1,0
0,1,0
0,1,0
0,1,0
0,0,1
0,0,1
0,1,0
0,0,1
0,1,0
0,1,0
0,0,1
0,0,1
0,0,1
1,0,0
0,1,0
0,1,0
0,1,0
0,0,1
0,1,0
1,0,0
0,1,0
0,1,0
0,0,1
0,1,0
0,1,0
0,1,0
0,1,0
0,0,1
0,0,1
1,0,0
0,1,0
1,0,0
0,1,0
0,1,0
0,1,0
0,0,1
0,1,0
0,1,0
1,0,0
0,0,1
0,1,0
0,1,0
0,0,1
0,1,0
0,1,0
0,0,1
0,0,1
0,0,1
0,0,1
0,1,0
0,1,0
0,1,0
0,1,0
0,0,1
0,1,0
0,0,1
0,1,0
1,0,0
0,1,0
0,1,0
0,1,0
0,0,1
0,0,1
0,0,1
1,0,0
1,0,0
0,0,1
0,1,0
0,0,1
0,0,1
0,1,0
1,0,0
0,0,1
0,1,0
0,0,1
0,1,0
0,1,0
0,1,0
0,1,0
0,1,0
0,0,1
0,0,1
0,0,1
0,1,0
0,0,1
0,0,1
0,1,0
1,0,0
0,1,0
0,1,0
0,1,0
0,0,1
0,1,0
0,1,0
0,1,0
0,0,1
1,0,0
0,1,0
0,0,1
0,1,0
0,1,0
0,0,1
0,1,0
0,1,0
0,1,0
1,0,0
0,1,0
0,1,0
0,1,0
0,1,0
0,0,1
0,0,1
0,1,0
0,0,1
0,1,0
0,0,1
0,1,0
0,1,0
0,1,0
0,1,0
0,1,0
0,1,0
0,1,0
0,1,0
0,0,1
0,0,1
0,1,0
0,0,1
0,1,0
0,0,1
0,1,0
0,1,0
0,1,0
0,0,1
0,1,0
0,0,1
0,1,0
0,1,0
0,0,1
0,1,0
0,1,0
0,0,1
0,0,1
0,1,0
0,0,1
0,1,0
0,0,1
0,0,1
0,1,0
0,0,1
0,0,1
0,1,0
0,1,0
0,1,0
0,1,0
0,1,0
0,0,1
0,1,0
0,1,0
0,1,0
0,0,1
0,0,1
0,0,1
0,1,0
0,0,1
0,1,0
0,1,0
1,0,0
0,1,0
0,1,0
0,1,0
0,0,1
0,1,0
0,1,0
0,1,0
0,0,1
0,0,1
0,1,0
1,0,0
0,1,0
0,1,0
0,1,0
0,0,1
0,0,1
1,0,0
0,1,0
0,1,0
0,1,0
0,1,0
0,1,0
0,1,0
0,0,1
0,0,1
0,1,0
0,1,0
0,1,0
0,0,1
0,0,1
0,0,1
0,0,1
0,0,1
0,1,0
0,0,1
0,0,1
0,1,0
0,1,0
0,1,0
0,1,0
0,0,1
0,1,0
0,1,0
0,0,1
0,0,1
0,1,0
0,1,0
0,1,0
0,0,1
0,1,0
0,0,1
0,0,1
0,1,0
0,1,0
0,0,1
0,0,1
1,0,0
0,0,1
0,1,0
0,1,0
0,1,0
0,1,0
0,0,1
0,1,0
0,0,1
0,1,0
0,1,0
0,1,0
0,1,0
0,1,0
0,1,0
0,1,0
0,0,1
0,0,1
0,1,0
0,0,1
0,0,1
0,0,1
0,1,0
0,1,0
0,0,1
0,1,0
0,1,0
0,1,0
0,1,0
0,1,0
1,0,0
0,1,0
0,1,0
0,1,0
0,1,0
0,1,0
0,1,0
0,0,1
0,1,0
1,0,0
0,0,1
0,0,1
0,0,1
0,1,0
0,1,0
0,1,0
0,1,0
0,1,0
0,0,1
0,1,0
0,1,0
0,1,0
0,1,0
0,0,1
0,1,0
0,1,0
0,1,0
0,1,0
0,1,0
0,1,0
0,0,1
0,1,0
0,0,1
0,1,0
1,0,0
0,1,0
0,0,1
0,1,0
0,0,1
0,1,0
0,1,0
0,0,1
1,0,0
0,1,0
0,0,1
0,0,1
0,1,0
0,1,0
0,0,1
0,1,0
0,0,1
0,0,1
0,0,1
1,0,0
0,0,1
0,1,0
0,1,0
0,0,1
0,0,1
0,1,0
0,1,0
0,1,0
0,0,1
0,0,1
0,1,0
0,0,1
0,1,0
0,0,1
0,1,0
0,1,0
0,0,1
0,1,0
0,0,1
1,0,0
0,1,0
0,0,1
0,0,1
0,0,1
0,1,0
0,1,0
0,0,1
0,1,0
0,1,0
0,0,1
0,0,1
0,0,1
0,0,1
0,1,0
0,1,0
0,0,1
0,0,1
0,1,0
0,1,0
0,1,0
0,0,1
0,1,0
0,1,0
0,1,0
1,0,0
0,0,1
0,0,1
0,0,1
0,1,0
0,0,1
0,1,0
0,1,0
0,1,0
0,1,0
0,1,0
0,0,1
0,1,0
0,0,1
0,0,1
0,1,0
0,1,0
0,0,1
1,0,0
0,1,0
0,1,0
0,1,0
0,1,0
0,0,1
0,1,0
0,1,0
0,1,0
0,1,0
0,0,1
0,1,0
0,0,1
1,0,0
0,0,1
0,0,1
0,1,0
0,1,0
0,0,1
0,1,0
0,1,0
0,1,0
0,1,0
0,0,1
0,0,1
0,1,0
0,1,0
0,0,1
0,1,0
0,1,0
0,1,0
0,1,0
0,1,0
0,1,0
0,1,0
0,1,0
0,0,1
0,0,1
0,0,1
0,1,0
0,0,1
0,1,0
0,1,0
0,1,0
0,1,0
1,0,0
0,0,1
0,1,0
0,0,1
0,1,0
0,1,0
0,0,1
0,0,1
0,1,0
0,0,1
0,1,0
0,1,0
1,0,0
0,1,0
0,0,1
0,1,0
0,0,1
0,1,0
1,0,0
0,1,0
0,1,0
0,1,0
0,1,0
0,1,0
0,1,0
0,0,1
0,1,0
0,0,1
0,0,1
0,1,0
0,1,0
0,0,1
0,1,0
0,0,1
0,1,0
0,0,1
0,0,1
0,0,1
0,1,0
0,0,1
0,0,1
0,0,1
0,0,1
0,1,0
0,0,1
0,1,0
0,1,0
0,0,1
0,0,1
0,1,0
0,1,0
0,0,1
0,1,0
0,1,0
0,1,0
0,1,0
0,1,0
0,1,0
0,1,0
0,0,1
0,1,0
0,1,0
0,1,0
0,1,0
0,1,0
1,0,0
0,1,0
0,1,0
0,1,0
0,1,0
0,1,0
0,0,1
0,0,1
0,0,1
0,0,1
0,0,1
0,0,1
0,1,0
0,1,0
0,1,0
0,0,1
0,1,0
0,1,0
0,0,1
0,0,1
0,0,1
0,1,0
0,0,1
0,1,0
0,1,0
0,0,1
0,1,0
0,1,0
0,0,1
0,1,0
0,0,1
0,0,1
0,1,0
0,1,0
0,0,1
0,1,0
0,1,0
0,1,0
1,0,0
0,0,1
0,1,0
0,0,1
0,1,0
0,1,0
1,0,0
0,1,0
0,1,0
0,0,1
0,1,0
0,0,1
0,1,0
0,0,1
0,0,1
0,1,0
0,1,0
0,1,0
0,0,1
0,0,1
0,0,1
0,1,0
0,0,1
0,1,0
0,1,0
0,0,1
0,0,1
0,1,0
0,0,1
0,0,1
0,1,0
0,0,1
0,1,0
0,1,0
1,0,0
0,1,0
0,1,0
0,1,0
0,1,0
0,0,1
0,1,0
0,1,0
0,1,0
0,0,1
0,0,1
0,1,0
0,0,1
0,1,0
0,0,1
0,0,1
0,1,0
0,0,1
0,1,0
0,1,0
0,0,1
0,0,1
0,0,1
0,1,0
0,1,0
0,0,1
0,0,1
0,1,0
0,1,0
0,1,0
1,0,0
0,1,0
1,0,0
0,1,0
0,1,0
0,0,1
0,0,1
1,0,0
0,1,0
0,1,0
0,0,1
0,0,1
0,0,1
0,1,0
1,0,0
0,1,0
0,0,1
0,1,0
0,0,1
0,1,0
0,0,1
0,1,0
0,1,0
0,1,0
0,0,1
0,0,1
0,1,0
0,1,0
0,0,1
1,0,0
0,0,1
0,1,0
0,0,1
0,1,0
0,0,1
0,0,1
0,1,0
1,0,0
1,0,0
0,1,0
0,1,0
0,0,1
0,1,0
1,0,0
0,0,1
0,0,1
0,0,1
0,1,0
0,0,1
0,1,0
0,1,0
0,1,0
0,0,1
0,0,1
0,1,0
0,1,0
0,0,1
0,1,0
0,1,0
0,1,0
0,1,0
0,0,1
0,1,0
0,1,0
0,1,0
0,0,1
0,1,0
1,0,0
0,1,0
0,1,0
0,1,0
0,0,1
0,1,0
0,1,0
0,1,0
0,0,1
0,1,0
1,0,0
0,0,1
0,0,1
0,1,0
0,1,0
0,0,1
0,1,0
1,0,0
0,1,0
1,0,0
1,0,0
0,1,0
1,0,0
0,1,0
0,1,0
0,1,0
0,1,0
0,0,1
0,1,0
0,1,0
0,1,0
0,0,1
0,1,0
0,0,1
0,0,1
0,0,1
0,1,0
0,0,1
0,0,1
0,1,0
1,0,0
0,1,0
0,1,0
0,0,1
0,1,0
1,0,0
0,1,0
0,0,1
0,0,1
0,1,0
0,1,0
0,0,1
0,1,0
1,0,0
0,1,0
0,1,0
0,0,1
0,0,1
0,1,0
0,1,0
0,1,0
0,1,0
0,1,0
0,0,1
0,0,1
0,0,1
0,1,0
0,0,1
0,1,0
0,1,0
0,1,0
0,0,1
0,0,1
0,1,0
0,0,1
0,1,0
0,0,1
0,1,0
0,1,0
0,1,0
0,1,0
0,1,0
0,1,0
0,1,0
0,1,0
0,1,0
0,0,1
0,0,1
0,1,0
0,1,0
0,1,0
0,1,0
0,1,0
0,0,1
1,0,0
0,1,0
0,1,0
0,1,0
0,1,0
0,0,1
0,0,1
0,1,0
0,0,1
0,1,0
0,1,0
0,1,0
0,1,0
0,1,0
0,0,1
0,0,1
0,1,0
1,0,0
0,1,0
0,1,0
0,0,1
0,0,1
0,1,0
0,1,0
0,1,0
0,1,0
0,1,0
0,1,0
0,0,1
0,0,1
0,0,1
0,0,1
1,0,0
0,0,1
0,0,1
0,1,0
0,1,0
0,0,1
0,1,0
0,1,0
0,1,0
0,1,0
0,1,0
0,0,1
0,1,0
0,0,1
0,1,0
0,1,0
0,0,1
1,0,0
0,1,0
0,1,0
0,1,0
0,0,1
0,0,1
0,1,0
0,1,0
1,0,0
0,1,0
0,1,0
0,1,0
1,0,0
0,1,0
0,1,0
0,1,0
0,0,1
0,0,1
0,1,0
0,1,0
0,1,0
1,0,0
0,1,0
0,1,0
0,1,0
0,1,0
0,1,0
0,1,0
0,0,1
0,1,0
0,1,0
0,1,0
0,0,1
1,0,0
1,0,0
0,0,1
0,1,0
1,0,0
0,1,0
0,1,0
0,0,1
1,0,0
1,0,0
0,1,0
0,0,1
0,0,1
1,0,0
1,0,0
0,1,0
0,0,1
0,0,1
0,0,1
0,0,1
0,0,1
0,1,0
0,1,0
0,1,0
1,0,0
0,1,0
0,1,0
0,1,0
0,1,0
0,1,0
0,0,1
0,0,1
0,0,1
0,0,1
0,1,0
0,0,1
0,0,1
0,0,1
0,1,0
0,0,1
0,1,0
0,1,0
0,1,0
0,1,0
0,1,0
0,1,0
0,1,0
0,0,1
0,0,1
0,0,1
0,1,0
1,0,0
0,0,1
0,1,0
0,1,0
0,1,0
0,1,0
0,1,0
0,1,0
0,1,0
0,1,0
0,1,0
0,0,1
0,1,0
0,0,1
0,1,0
1,0,0
1,0,0
1,0,0
0,0,1
0,1,0
0,1,0
0,0,1
0,1,0
0,0,1
0,1,0
0,0,1
0,1,0
0,0,1
0,1,0
1,0,0
0,1,0
0,0,1
0,0,1
0,0,1
0,1,0
0,0,1
0,1,0
0,0,1
0,0,1
0,1,0
0,0,1
0,1,0
0,1,0
0,0,1
0,1,0
0,1,0
0,0,1
0,1,0
1,0,0
0,1,0
0,1,0
0,1,0
0,1,0
0,0,1
0,0,1
0,0,1
0,0,1
0,1,0
0,1,0
0,1,0
0,1,0
0,0,1
0,1,0
0,1,0
0,1,0
0,0,1
1,0,0
0,1,0
0,0,1
0,1,0
0,1,0
0,1,0
0,0,1
0,0,1
0,0,1
0,0,1
0,0,1
0,1,0
0,0,1
0,1,0
0,1,0
0,1,0
0,0,1
1,0,0
0,1,0
0,1,0
0,1,0
0,0,1
0,1,0
0,1,0
0,1,0
0,1,0
0,0,1
0,1,0
0,0,1
0,1,0
0,1,0
0,0,1
0,0,1
0,1,0
0,0,1
0,0,1
0,0,1
0,1,0
0,1,0
0,1,0
0,1,0
0,1,0
0,1,0
0,0,1
0,0,1
0,0,1
0,0,1
1,0,0
0,1,0
0,0,1
0,0,1
0,1,0
0,1,0
0,1,0
0,0,1
0,1,0
0,0,1
0,0,1
0,1,0
0,0,1
0,1,0
0,1,0
0,1,0
0,0,1
0,1,0
0,1,0
0,1,0
0,0,1
0,1,0
0,0,1
0,0,1
0,0,1
0,1,0
0,0,1
0,1,0
0,0,1
0,1,0
0,0,1
0,1,0
0,1,0
0,1,0
1,0,0
0,1,0
0,1,0
0,0,1
0,0,1
0,1,0
0,1,0
0,1,0
0,1,0
0,0,1
0,0,1
0,1,0
0,0,1
0,1,0
0,1,0
0,1,0
0,0,1
0,1,0
0,1,0
0,0,1
0,0,1
0,0,1
0,1,0
0,0,1
0,1,0
0,0,1
0,0,1
0,0,1
0,0,1
0,0,1
0,1,0
0,1,0
0,1,0
0,0,1
0,0,1
0,0,1
0,0,1
0,0,1
0,0,1
0,1,0
0,0,1
0,0,1
0,1,0
0,1,0
0,1,0
0,1,0
0,0,1
0,0,1
0,1,0
0,0,1
0,1,0
0,0,1
0,0,1
0,1,0
0,1,0
0,1,0
0,0,1
0,1,0
0,1,0
0,1,0
0,0,1
0,0,1
0,0,1
0,1,0
1,0,0
0,1,0
0,1,0
0,0,1
0,1,0
0,1,0
0,1,0
0,1,0
0,0,1
0,0,1
0,1,0
0,1,0
0,1,0
0,1,0
0,1,0
0,1,0
0,1,0
0,1,0
1,0,0
0,1,0
0,1,0
0,0,1
0,1,0
0,1,0
0,1,0
0,1,0
0,1,0
0,1,0
0,1,0
0,1,0
1,0,0
0,1,0
0,0,1
0,1,0
1,0,0
0,0,1
0,1,0
0,1,0
0,1,0
0,1,0
0,1,0
0,0,1
0,1,0
0,1,0
0,1,0
1,0,0
0,0,1
0,1,0
0,1,0
0,0,1
0,1,0
0,1,0
0,1,0
0,1,0
0,1,0
0,0,1
0,1,0
0,0,1
1,0,0
0,0,1
1,0,0
0,1,0
0,1,0
0,0,1
0,1,0
0,0,1
0,0,1
0,1,0
0,1,0
0,0,1
0,0,1
0,1,0
0,0,1
0,1,0
0,0,1
0,0,1
0,1,0
0,1,0
0,1,0
0,0,1
0,0,1
1,0,0
1,0,0
0,1,0
0,1,0
0,1,0
0,1,0
0,1,0
0,1,0
0,1,0
0,0,1
0,1,0
0,1,0
0,1,0
0,0,1
0,1,0
0,1,0
0,1,0
0,1,0
0,1,0
1,0,0
1,0,0
0,1,0
1,0,0
0,0,1
0,0,1
0,1,0
0,0,1
0,0,1
0,0,1
0,1,0
0,0,1
0,1,0
0,1,0
0,0,1
1,0,0
0,1,0
0,1,0
0,0,1
0,1,0
0,1,0
0,0,1
0,0,1
0,1,0
0,1,0
0,1,0
1,0,0
0,0,1
0,1,0
0,0,1
0,1,0
0,1,0
0,1,0
0,0,1
0,0,1
0,1,0
0,1,0
0,0,1
0,1,0
0,0,1
0,1,0
1,0,0
0,0,1
0,1,0
0,1,0
0,1,0
0,1,0
0,1,0
0,0,1
0,1,0
0,0,1
0,0,1
1,0,0
0,1,0
0,1,0
0,1,0
0,0,1
0,1,0
0,1,0
0,1,0
0,1,0
0,0,1
0,1,0
0,0,1
0,0,1
0,1,0
0,1,0
0,1,0
0,1,0
0,1,0
0,1,0
0,1,0
0,1,0
0,0,1
0,1,0
0,0,1
0,0,1
0,0,1
0,1,0
0,0,1
0,1,0
0,1,0
0,1,0
0,1,0
0,1,0
0,1,0
0,1,0
1,0,0
0,0,1
1,0,0
0,1,0
0,0,1
0,0,1
0,0,1
0,0,1
0,0,1
1,0,0
0,0,1
0,1,0
0,1,0
0,0,1
1,0,0
0,1,0
0,0,1
0,1,0
0,0,1
0,0,1
0,1,0
0,1,0
0,1,0
0,1,0
0,1,0
0,1,0
0,1,0
0,0,1
0,1,0
0,0,1
0,1,0
0,1,0
0,1,0
0,1,0
0,1,0
0,0,1
0,1,0
0,1,0
0,1,0
1,0,0
0,1,0
0,1,0
1,0,0
0,0,1
0,0,1
0,1,0
0,0,1
1,0,0
0,1,0
0,1,0
0,1,0
0,1,0
0,0,1
0,1,0
0,0,1
0,1,0
0,1,0
0,0,1
0,0,1
0,1,0
0,1,0
0,1,0
0,1,0
0,0,1
0,1,0
0,1,0
0,0,1
0,1,0
0,0,1
0,0,1
0,0,1
0,0,1
0,1,0
0,1,0
0,1,0
0,1,0
0,1,0
0,1,0
0,1,0
0,1,0
0,1,0
0,1,0
0,1,0
0,1,0
0,0,1
0,0,1
0,0,1
0,0,1
0,0,1
0,1,0
0,0,1
0,1,0
0,1,0
0,1,0
0,1,0
0,1,0
0,0,1
0,1,0
0,0,1
0,1,0
1,0,0
0,1,0
0,1,0
0,1,0
0,1,0
0,1,0
0,0,1
0,1,0
0,1,0
1,0,0
0,1,0
0,1,0
0,1,0
0,1,0
0,0,1
0,0,1
0,1,0
0,1,0
0,1,0
0,0,1
0,1,0
1,0,0
0,1,0
0,1,0
0,0,1
0,1,0
1,0,0
0,1,0
0,1,0
0,0,1
1,0,0
0,0,1
0,1,0
0,0,1
0,1,0
0,0,1
0,1,0
0,0,1
0,1,0
0,1,0
0,0,1
0,1,0
0,1,0
0,1,0
0,1,0
1,0,0
0,0,1
1,0,0
0,1,0
0,0,1
0,1,0
0,0,1
0,0,1
0,1,0
0,1,0
0,1,0
0,0,1
0,1,0
0,0,1
1,0,0
0,1,0
0,1,0
0,1,0
0,1,0
0,1,0
0,0,1
0,1,0
0,0,1
0,1,0
0,1,0
0,0,1
0,0,1
0,0,1
0,0,1
0,0,1
0,1,0
0,1,0
0,1,0
0,0,1
0,1,0
0,1,0
0,0,1
0,0,1
0,0,1
0,1,0
0,1,0
0,1,0
0,1,0
0,1,0
0,1,0
0,1,0
0,0,1
0,1,0
0,0,1
0,0,1
0,1,0
0,1,0
0,1,0
0,1,0
0,1,0
0,1,0
0,0,1
0,1,0
0,0,1
0,1,0
1,0,0
0,1,0
0,0,1
0,1,0
0,1,0
0,1,0
1,0,0
0,1,0
0,1,0
0,0,1
0,0,1
0,0,1
0,1,0
0,1,0
0,1,0
0,1,0
0,1,0
0,0,1
0,1,0
0,1,0
0,1,0
0,1,0
0,1,0
0,0,1
0,1,0
0,0,1
0,0,1
1,0,0
1,0,0
1,0,0
0,1,0
0,1,0
0,0,1
0,1,0
1,0,0
0,1,0
0,0,1
0,0,1
0,1,0
0,1,0
0,1,0
0,0,1
0,1,0
0,1,0
0,1,0
0,1,0
1,0,0
0,1,0
0,0,1
0,0,1
0,0,1
0,1,0
0,1,0
0,1,0
0,1,0
0,1,0
0,0,1
0,1,0
0,0,1
0,1,0
0,1,0
0,1,0
0,1,0
0,1,0
0,0,1
0,0,1
0,0,1
0,0,1
0,0,1
0,1,0
0,1,0
0,1,0
0,0,1
0,1,0
0,0,1
0,0,1
0,0,1
0,1,0
0,1,0
0,0,1
0,1,0
0,1,0
0,1,0
0,1,0
0,1,0
0,1,0
0,0,1
1,0,0
0,1,0
0,1,0
0,1,0
0,0,1
0,1,0
0,1,0
0,0,1
1,0,0
0,0,1
0,0,1
0,1,0
0,0,1
0,0,1
0,0,1
0,1,0
0,0,1
0,0,1
0,1,0
0,0,1
0,1,0
0,0,1
0,1,0
1,0,0
0,1,0
0,1,0
0,1,0
1,0,0
0,0,1
1,0,0
0,1,0
0,0,1
0,1,0
0,1,0
0,1,0
0,0,1
0,0,1
0,0,1
0,0,1
0,1,0
0,1,0
0,0,1
0,1,0
0,1,0
0,1,0
0,1,0
0,1,0
0,1,0
0,0,1
0,0,1
0,1,0
0,0,1
0,1,0
0,1,0
0,1,0
0,1,0
1,0,0
0,0,1
0,1,0
0,0,1
0,1,0
1,0,0
0,1,0
0,0,1
0,1,0
0,1,0
0,1,0
0,1,0
0,1,0
1,0,0
1,0,0
0,1,0
0,1,0
0,1,0
0,1,0
1,0,0
0,1,0
0,1,0
0,0,1
0,1,0
0,1,0
0,0,1
0,1,0
0,1,0
0,1,0
0,1,0
0,1,0
0,1,0
0,0,1
1,0,0
0,0,1
0,0,1
0,1,0
0,1,0
0,1,0
0,0,1
0,1,0
0,1,0
0,1,0
0,1,0
0,1,0
0,1,0
0,0,1
0,1,0
1,0,0
0,1,0
0,1,0
0,0,1
0,0,1
0,0,1
0,1,0
0,1,0
0,1,0
0,1,0
0,0,1
0,0,1
0,0,1
0,0,1
0,1,0
0,1,0
0,1,0
0,0,1
0,0,1
0,1,0
0,1,0
0,0,1
0,0,1
0,0,1
0,1,0
0,1,0
0,0,1
0,1,0
1,0,0
1,0,0
0,1,0
0,1,0
0,0,1
0,1,0
0,1,0
0,1,0
0,1,0
0,1,0
0,0,1
0,1,0
0,0,1
0,1,0
0,1,0
0,0,1
0,1,0
1,0,0
0,1,0
1,0,0
0,1,0
0,0,1
0,0,1
0,1,0
0,0,1
0,1,0
0,0,1
0,0,1
0,1,0
1,0,0
0,1,0
0,0,1
0,1,0
0,1,0
0,0,1
0,1,0
0,1,0
0,1,0
0,1,0
0,1,0
0,1,0
0,1,0
0,1,0
0,0,1
0,0,1
0,1,0
0,1,0
0,1,0
0,1,0
0,0,1
0,1,0
0,0,1
0,1,0
0,1,0
0,1,0
0,1,0
1,0,0
0,0,1
0,1,0
0,1,0
0,1,0
0,1,0
0,1,0
0,1,0
0,1,0
0,0,1
0,1,0
1,0,0
1,0,0
0,1,0
0,0,1
0,1,0
0,1,0
0,1,0
0,0,1
0,1,0
0,0,1
0,1,0
0,1,0
0,0,1
0,0,1
0,1,0
0,0,1
0,0,1
0,0,1
0,0,1
0,1,0
0,0,1
0,1,0
0,1,0
0,0,1
0,0,1
0,1,0
0,0,1
0,0,1
0,0,1
0,0,1
0,0,1
0,1,0
0,1,0
0,1,0
1,0,0
0,1,0
1,0,0
0,1,0
0,0,1
0,1,0
0,0,1
0,0,1
0,1,0
0,1,0
1,0,0
0,1,0
0,1,0
0,1,0
0,0,1
1,0,0
0,0,1
0,0,1
0,1,0
0,1,0
0,0,1
0,1,0
0,0,1
0,1,0
0,1,0
0,1,0
0,1,0
0,1,0
0,1,0
0,1,0
0,1,0
0,1,0
0,1,0
0,0,1
0,0,1
0,1,0
0,1,0
0,0,1
0,0,1
0,1,0
0,0,1
1,0,0
1,0,0
0,0,1
0,1,0
0,1,0
0,0,1
0,0,1
0,1,0
0,1,0
0,0,1
0,0,1
0,1,0
0,0,1
0,1,0
0,1,0
0,0,1
0,1,0
0,1,0
0,1,0
0,0,1
0,0,1
0,1,0
0,1,0
0,0,1
0,1,0
0,1,0
0,0,1
0,1,0
0,1,0
0,0,1
0,0,1
0,1,0
0,0,1
0,1,0
0,1,0
0,0,1
0,1,0
0,1,0
0,0,1
1,0,0
0,0,1
0,1,0
0,1,0
0,1,0
0,1,0
0,0,1
0,1,0
0,1,0
0,1,0
0,1,0
0,0,1
0,0,1
1,0,0
0,1,0
0,1,0
0,1,0
0,1,0
1,0,0
0,1,0
0,1,0
0,1,0
0,1,0
0,1,0
1,0,0
0,1,0
0,0,1
0,1,0
0,1,0
0,0,1
0,1,0
0,1,0
0,1,0
0,0,1
0,0,1
0,1,0
0,0,1
0,0,1
0,1,0
0,1,0
0,1,0
1,0,0
1,0,0
0,1,0
0,1,0
0,1,0
0,1,0
0,0,1
0,1,0
0,0,1
0,0,1
0,1,0
0,0,1
1,0,0
0,0,1
0,0,1
0,1,0
0,0,1
0,1,0
0,0,1
0,1,0
0,0,1
0,1,0
0,1,0
0,0,1
0,0,1
1,0,0
0,1,0
0,0,1
0,1,0
0,1,0
0,0,1
0,1,0
0,1,0
0,0,1
0,1,0
0,0,1
0,0,1
0,0,1
0,1,0
0,0,1
0,0,1
1,0,0
0,1,0
0,1,0
0,1,0
0,1,0
0,0,1
0,1,0
0,1,0
0,1,0
0,1,0
0,1,0
0,1,0
1,0,0
0,1,0
0,1,0
0,1,0
0,1,0
0,0,1
0,1,0
1,0,0
0,1,0
0,1,0
0,1,0
0,1,0
0,1,0
1,0,0
0,0,1
0,0,1
0,0,1
0,0,1
0,1,0
0,0,1
0,1,0
0,1,0
0,1,0
0,0,1
0,0,1
0,0,1
1,0,0
0,1,0
0,1,0
0,1,0
0,1,0
0,0,1
0,0,1
0,1,0
0,1,0
0,0,1
0,0,1
0,0,1
0,1,0
0,0,1
0,1,0
0,1,0
0,0,1
0,1,0
0,1,0
0,0,1
0,1,0
0,1,0
0,1,0
0,1,0
0,0,1
0,1,0
0,0,1
1,0,0
0,1,0
0,0,1
0,0,1
0,1,0
0,1,0
0,1,0
0,0,1
0,0,1
0,0,1
0,1,0
0,1,0
0,1,0
0,1,0
1,0,0
0,0,1
0,0,1
0,0,1
0,0,1
0,0,1
0,0,1
0,0,1
0,1,0
0,0,1
0,1,0
0,0,1
1,0,0
0,0,1
0,0,1
0,1,0
0,1,0
0,1,0
0,0,1
0,0,1
0,0,1
0,1,0
0,0,1
0,0,1
0,0,1
0,1,0
1,0,0
0,1,0
0,0,1
0,1,0
0,1,0
0,0,1
0,1,0
0,0,1
0,1,0
0,1,0
0,1,0
0,0,1
0,1,0
0,0,1
0,0,1
0,1,0
0,1,0
1,0,0
0,1,0
0,1,0
0,1,0
0,1,0
0,0,1
0,1,0
0,0,1
0,0,1
0,0,1
0,1,0
0,1,0
1,0,0
0,1,0
0,0,1
0,0,1
0,0,1
0,0,1
0,0,1
0,1,0
0,1,0
0,0,1
0,1,0
0,1,0
1,0,0
0,1,0
0,0,1
0,1,0
0,1,0
0,1,0
0,1,0
0,1,0
0,1,0
0,1,0
0,1,0
0,1,0
0,1,0
0,0,1
0,1,0
0,0,1
0,0,1
1,0,0
0,1,0
0,1,0
0,1,0
0,1,0
0,1,0
0,0,1
0,0,1
0,1,0
0,1,0
0,0,1
1,0,0
1,0,0
0,1,0
1,0,0
0,1,0
0,1,0
0,1,0
0,0,1
0,1,0
0,1,0
0,1,0
0,0,1
0,0,1
0,1,0
0,1,0
0,1,0
0,0,1
0,0,1
0,0,1
0,1,0
0,1,0
0,1,0
0,1,0
0,1,0
0,1,0
0,1,0
0,1,0
0,0,1
0,0,1
0,0,1
0,0,1
0,0,1
0,1,0
0,1,0
0,1,0
0,1,0
0,1,0
0,1,0
0,1,0
0,1,0
0,0,1
0,1,0
0,1,0
0,0,1
0,0,1
0,1,0
0,1,0
0,0,1
0,1,0
0,0,1
0,1,0
0,1,0
0,1,0
0,1,0
0,1,0
0,1,0
0,0,1
0,0,1
0,1,0
0,1,0
0,1,0
0,1,0
0,1,0
0,0,1
0,1,0
0,1,0
0,1,0
0,0,1
0,1,0
0,1,0
0,0,1
0,1,0
0,1,0
0,1,0
0,0,1
0,1,0
0,0,1
0,1,0
0,1,0
0,0,1
0,1,0
0,1,0
0,0,1
0,1,0
0,1,0
0,1,0
0,1,0
0,1,0
0,1,0
0,0,1
0,1,0
0,1,0
0,0,1
0,0,1
0,1,0
0,0,1
0,0,1
0,0,1
1,0,0
0,1,0
0,0,1
0,0,1
0,1,0
0,0,1
0,1,0
0,0,1
0,1,0
0,1,0
0,0,1
0,0,1
0,1,0
0,1,0
0,1,0
0,1,0
0,1,0
0,0,1
0,0,1
0,1,0
0,1,0
0,0,1
0,0,1
0,1,0
0,0,1
0,0,1
0,0,1
0,0,1
1,0,0
0,1,0
0,1,0
0,1,0
0,1,0
1,0,0
0,0,1
0,1,0
0,1,0
0,0,1
0,0,1
0,0,1
0,0,1
0,1,0
0,1,0
0,1,0
0,1,0
0,1,0
0,0,1
0,0,1
0,1,0
0,1,0
0,1,0
0,0,1
0,0,1
0,0,1
0,1,0
0,1,0
0,1,0
0,1,0
0,1,0
0,1,0
0,0,1
1,0,0
0,1,0
0,0,1
0,1,0
0,1,0
0,1,0
0,1,0
0,1,0
0,1,0
0,0,1
1,0,0
0,1,0
0,1,0
0,1,0
0,1,0
0,0,1
0,1,0
0,0,1
0,1,0
0,0,1
0,1,0
0,0,1
0,1,0
0,1,0
0,1,0
0,1,0
0,1,0
0,0,1
0,0,1
0,0,1
0,0,1
0,1,0
1,0,0
0,0,1
0,1,0
0,1,0
0,0,1
0,0,1
0,1,0
0,0,1
0,0,1
0,1,0
0,1,0
0,1,0
0,0,1
0,0,1
0,1,0
0,1,0
0,1,0
1,0,0
1,0,0
0,1,0
0,1,0
0,0,1
1,0,0
0,1,0
0,1,0
0,0,1
0,1,0
0,1,0
0,0,1
1,0,0
0,1,0
0,0,1
0,1,0
0,1,0
0,1,0
0,1,0
0,1,0
0,1,0
0,1,0
0,1,0
0,1,0
0,1,0
0,1,0
0,1,0
0,1,0
0,1,0
0,1,0
0,1,0
0,0,1
0,1,0
0,1,0
1,0,0
0,1,0
0,1,0
0,1,0
0,0,1
0,1,0
1,0,0
0,1,0
0,0,1
0,1,0
0,1,0
0,0,1
0,1,0
0,1,0
0,0,1
0,0,1
0,0,1
0,0,1
0,0,1
0,1,0
0,1,0
0,1,0
1,0,0
0,0,1
0,1,0
0,1,0
0,0,1
0,0,1
0,0,1
0,1,0
0,0,1
0,1,0
0,1,0
0,1,0
0,0,1
0,1,0
0,0,1
0,1,0
0,0,1
0,1,0
0,1,0
0,1,0
0,1,0
0,0,1
0,0,1
0,0,1
0,0,1
0,1,0
0,1,0
0,0,1
0,0,1
0,1,0
0,1,0
0,1,0
0,0,1
0,1,0
0,1,0
0,0,1
0,1,0
1,0,0
0,1,0
0,1,0
0,0,1
0,1,0
0,1,0
0,0,1
1,0,0
0,1,0
0,0,1
0,1,0
0,0,1
0,0,1
0,1,0
0,0,1
0,1,0
1,0,0
0,0,1
0,1,0
0,1,0
0,0,1
1,0,0
0,1,0
0,1,0
0,0,1
0,1,0
0,1,0
0,1,0
0,1,0
0,1,0
0,0,1
0,1,0
0,0,1
0,1,0
0,0,1
0,0,1
0,1,0
0,1,0
0,1,0
0,1,0
0,1,0
0,0,1
0,0,1
0,0,1
0,0,1
1,0,0
0,1,0
0,1,0
0,1,0
0,1,0
0,0,1
0,1,0
0,0,1
0,0,1
0,1,0
0,1,0
0,0,1
0,1,0
0,1,0
0,0,1
0,1,0
0,0,1
0,1,0
0,1,0
1,0,0
0,1,0
0,1,0
0,0,1
0,1,0
0,0,1
0,0,1
0,1,0
0,1,0
0,0,1
0,0,1
1,0,0
0,1,0
0,1,0
0,0,1
0,1,0
0,0,1
0,0,1
0,0,1
0,1,0
0,1,0
0,0,1
0,0,1
0,0,1
0,1,0
0,1,0
0,1,0
0,1,0
0,1,0
0,1,0
0,1,0
0,1,0
0,0,1
0,1,0
0,1,0
0,0,1
0,0,1
0,1,0
1,0,0
0,0,1
0,1,0
0,1,0
0,1,0
0,1,0
0,1,0
0,1,0
0,1,0
0,0,1
0,1,0
0,0,1
0,1,0
0,0,1
0,1,0
0,1,0
0,0,1
0,1,0
0,1,0
0,1,0
0,1,0
0,0,1
0,0,1
0,1,0
0,1,0
0,0,1
0,1,0
0,1,0
0,1,0
0,1,0
0,0,1
0,1,0
0,1,0
0,1,0
0,1,0
0,1,0
0,1,0
0,1,0
0,1,0
0,1,0
0,1,0
0,1,0
0,1,0
0,0,1
0,0,1
1,0,0
0,1,0
0,1,0
0,1,0
0,1,0
0,1,0
0,1,0
0,1,0
0,1,0
0,1,0
0,1,0
0,0,1
0,0,1
0,1,0
0,1,0
0,1,0
0,0,1
1,0,0
0,1,0
0,1,0
0,1,0
1,0,0
0,1,0
0,1,0
0,0,1
0,1,0
0,1,0
0,1,0
0,1,0
0,0,1
0,1,0
0,0,1
1,0,0
0,1,0
0,1,0
0,1,0
0,1,0
0,1,0
0,1,0
1,0,0
0,1,0
0,1,0
0,1,0
0,0,1
0,0,1
0,0,1
0,1,0
0,1,0
0,1,0
0,1,0
0,1,0
0,0,1
0,0,1
0,1,0
0,0,1
0,0,1
0,1,0
0,1,0
0,1,0
0,0,1
0,1,0
0,1,0
0,1,0
0,0,1
0,0,1
0,0,1
0,1,0
1,0,0
0,1,0
0,1,0
1,0,0
0,1,0
0,1,0
1,0,0
1,0,0
0,1,0
0,0,1
0,1,0
0,1,0
0,1,0
0,0,1
0,0,1
0,0,1
0,0,1
0,0,1
0,0,1
0,0,1
0,0,1
0,1,0
0,1,0
0,1,0
0,1,0
0,1,0
0,1,0
0,1,0
0,0,1
0,0,1
0,1,0
0,1,0
0,0,1
0,1,0
0,0,1
0,1,0
1,0,0
0,0,1
0,1,0
0,1,0
0,1,0
0,1,0
0,1,0
0,0,1
0,1,0
0,0,1
0,0,1
0,1,0
0,1,0
0,0,1
1,0,0
0,0,1
0,1,0
0,1,0
0,1,0
0,1,0
0,1,0
0,1,0
0,1,0
0,1,0
0,1,0
0,1,0
0,1,0
1,0,0
0,1,0
0,1,0
0,1,0
0,1,0
0,0,1
0,1,0
0,1,0
0,1,0
1,0,0
0,0,1
0,1,0
0,0,1
0,1,0
0,1,0
0,1,0
0,0,1
0,1,0
0,1,0
0,1,0
0,0,1
0,0,1
0,0,1
1,0,0
0,1,0
0,0,1
0,0,1
0,1,0
0,0,1
0,1,0
0,0,1
0,1,0
0,0,1
0,1,0
0,1,0
1,0,0
1,0,0
1,0,0
0,0,1
0,0,1
1,0,0
0,1,0
0,0,1
0,1,0
0,1,0
0,1,0
0,1,0
0,1,0
0,1,0
0,0,1
0,0,1
0,1,0
0,1,0
0,1,0
0,1,0
1,0,0
0,1,0
0,1,0
0,1,0
0,0,1
0,0,1
0,0,1
0,1,0
0,0,1
0,0,1
0,0,1
0,1,0
0,0,1
0,1,0
0,0,1
0,0,1
0,1,0
0,1,0
0,1,0
0,1,0
0,1,0
0,0,1
0,1,0
0,1,0
0,1,0
0,1,0
0,1,0
0,1,0
1,0,0
0,1,0
0,0,1
1,0,0
0,1,0
0,1,0
0,0,1
0,1,0
0,1,0
0,0,1
0,0,1
0,1,0
0,1,0
0,0,1
0,0,1
0,0,1
0,1,0
0,0,1
1,0,0
0,1,0
0,1,0
0,1,0
0,1,0
1,0,0
0,1,0
0,0,1
0,1,0
0,1,0
0,1,0
0,0,1
0,1,0
0,1,0
0,0,1
0,1,0
1,0,0
0,1,0
0,0,1
0,1,0
0,0,1
0,0,1
0,1,0
0,0,1
0,1,0
0,1,0
0,1,0
0,1,0
0,1,0
0,0,1
0,1,0
0,1,0
0,0,1
1,0,0
0,1,0
0,1,0
0,1,0
0,0,1
0,0,1
0,0,1
0,0,1
0,1,0
0,1,0
1,0,0
0,0,1
0,1,0
0,1,0
0,1,0
0,0,1
0,0,1
0,0,1
0,1,0
0,1,0
1,0,0
0,0,1
0,0,1
0,0,1
0,1,0
0,1,0
0,0,1
0,1,0
0,1,0
0,0,1
1,0,0
0,1,0
0,0,1
0,1,0
0,1,0
0,0,1
0,1,0
0,1,0
0,1,0
0,0,1
0,0,1
0,0,1
0,1,0
0,1,0
0,0,1
0,0,1
0,0,1
0,0,1
0,0,1
0,1,0
0,1,0
0,1,0
0,0,1
0,1,0
1,0,0
0,1,0
0,1,0
0,1,0
0,1,0
0,1,0
0,1,0
0,0,1
0,0,1
0,1,0
0,1,0
0,0,1
0,1,0
0,1,0
0,1,0
0,0,1
0,0,1
0,1,0
0,0,1
0,0,1
0,0,1
0,0,1
0,0,1
0,1,0
0,0,1
0,0,1
0,1,0
0,0,1
0,1,0
0,0,1
0,0,1
0,1,0
0,1,0
0,1,0
0,1,0
0,1,0
0,1,0
0,1,0
0,0,1
0,0,1
0,0,1
0,1,0
0,1,0
0,0,1
0,1,0
0,1,0
0,0,1
0,0,1
0,1,0
0,1,0
0,0,1
0,1,0
0,1,0
0,0,1
0,1,0
0,1,0
0,0,1
1,0,0
0,0,1
0,1,0
0,0,1
0,1,0
0,0,1
0,0,1
0,0,1
0,0,1
0,1,0
0,1,0
0,0,1
0,1,0
0,0,1
1,0,0
0,0,1
0,0,1
0,1,0
0,1,0
0,0,1
0,1,0
0,0,1
0,0,1
0,1,0
0,1,0
0,0,1
0,1,0
1,0,0
0,0,1
0,1,0
0,1,0
0,1,0
0,1,0
0,0,1
0,1,0
0,1,0
0,1,0
0,0,1
0,1,0
0,1,0
0,1,0
0,1,0
0,1,0
0,1,0
0,1,0
0,1,0
0,0,1
0,0,1
0,0,1
0,0,1
0,1,0
0,1,0
0,1,0
0,0,1
0,1,0
0,1,0
0,1,0
0,1,0
0,1,0
0,1,0
0,1,0
0,1,0
0,0,1
0,0,1
0,0,1
1,0,0
0,0,1
0,1,0
0,1,0
0,1,0
0,0,1
0,0,1
0,1,0
0,1,0
0,1,0
0,1,0
0,1,0
0,0,1
0,1,0
0,1,0
0,1,0
0,1,0
0,0,1
0,1,0
0,0,1
0,1,0
0,1,0
1,0,0
0,0,1
0,0,1
0,0,1
0,1,0
0,1,0
0,0,1
0,0,1
0,1,0
0,1,0
0,1,0
1,0,0
0,0,1
0,0,1
0,1,0
0,0,1
0,1,0
0,0,1
0,0,1
0,1,0
0,1,0
1,0,0
1,0,0
0,0,1
0,1,0
0,0,1
0,1,0
0,0,1
0,0,1
0,0,1
0,0,1
0,1,0
0,0,1
0,1,0
0,0,1
0,1,0
0,0,1
0,0,1
0,1,0
0,1,0
1,0,0
0,0,1
0,0,1
0,1,0
0,0,1
0,1,0
0,0,1
0,1,0
0,1,0
0,0,1
0,1,0
0,1,0
0,1,0
0,1,0
0,0,1
0,0,1
0,0,1
0,1,0
0,1,0
0,1,0
0,0,1
0,1,0
0,1,0
0,1,0
0,1,0
0,0,1
0,0,1
0,1,0
0,0,1
0,0,1
0,0,1
0,0,1
0,1,0
0,1,0
0,1,0
1,0,0
0,1,0
0,0,1
0,1,0
0,0,1
0,1,0
0,1,0
0,1,0
0,1,0
0,0,1
0,0,1
0,1,0
1,0,0
0,1,0
0,1,0
0,1,0
0,0,1
0,0,1
0,0,1
0,1,0
0,0,1
0,1,0
1,0,0
0,1,0
0,0,1
0,1,0
0,1,0
0,1,0
0,1,0
0,1,0
0,1,0
0,1,0
0,0,1
0,1,0
1,0,0
0,1,0
0,0,1
0,0,1
0,1,0
0,1,0
0,1,0
0,0,1
0,1,0
0,1,0
0,1,0
0,0,1
0,0,1
0,1,0
0,1,0
0,1,0
0,1,0
0,0,1
0,1,0
0,0,1
0,0,1
0,1,0
0,1,0
0,1,0
0,1,0
0,1,0
0,0,1
0,0,1
0,0,1
0,1,0
0,1,0
0,0,1
0,1,0
0,1,0
0,1,0
0,1,0
0,1,0
0,1,0
0,0,1
0,1,0
0,0,1
0,1,0
0,1,0
0,0,1
0,1,0
0,1,0
0,1,0
0,0,1
0,1,0
0,1,0
0,1,0
0,1,0
0,1,0
0,0,1
0,0,1
0,1,0
0,1,0
0,0,1
0,0,1
0,1,0
0,1,0
0,1,0
0,1,0
0,1,0
0,0,1
0,1,0
0,1,0
0,1,0
0,0,1
0,0,1
0,1,0
0,1,0
0,0,1
0,0,1
0,0,1
0,0,1
0,1,0
0,1,0
0,0,1
0,1,0
0,0,1
0,1,0
0,1,0
0,1,0
0,1,0
0,0,1
0,1,0
0,1,0
0,1,0
0,1,0
0,1,0
0,0,1
0,1,0
0,1,0
0,0,1
1,0,0
0,1,0
0,1,0
0,0,1
0,1,0
0,1,0
0,1,0
0,0,1
0,0,1
0,1,0
0,0,1
0,0,1
1,0,0
0,0,1
0,0,1
0,1,0
0,1,0
1,0,0
1,0,0
0,0,1
0,1,0
0,0,1
0,0,1
0,1,0
0,0,1
0,1,0
1,0,0
1,0,0
0,0,1
0,0,1
0,1,0
0,0,1
0,0,1
0,1,0
0,1,0
0,0,1
0,1,0
0,0,1
0,1,0
0,0,1
0,1,0
0,1,0
0,0,1
0,1,0
0,1,0
0,0,1
0,1,0
0,0,1
0,1,0
0,0,1
0,1,0
0,1,0
0,1,0
0,1,0
0,1,0
0,1,0
0,1,0
0,1,0
0,1,0
0,1,0
0,0,1
1,0,0
0,0,1
0,0,1
0,0,1
0,1,0
0,0,1
0,1,0
0,0,1
0,0,1
0,0,1
0,1,0
0,1,0
0,0,1
0,1,0
0,1,0
0,0,1
0,0,1
0,1,0
0,1,0
0,1,0
0,1,0
0,1,0
0,1,0
0,0,1
0,0,1
0,0,1
0,1,0
0,1,0
0,1,0
0,1,0
0,1,0
0,0,1
0,1,0
0,0,1
0,1,0
0,1,0
0,0,1
0,0,1
0,0,1
0,0,1
0,1,0
0,1,0
0,0,1
0,0,1
0,1,0
0,1,0
0,1,0
0,1,0
0,1,0
0,0,1
0,1,0
0,1,0
0,1,0
0,1,0
0,0,1
1,0,0
0,1,0
0,0,1
0,1,0
0,0,1
0,1,0
0,1,0
0,0,1
0,1,0
0,1,0
0,1,0
0,0,1
0,1,0
1,0,0
0,0,1
0,1,0
0,1,0
0,0,1
0,1,0
0,1,0
0,0,1
0,1,0
0,1,0
0,0,1
1,0,0
0,0,1
0,1,0
0,0,1
0,0,1
0,1,0
0,1,0
0,0,1
0,1,0
0,1,0
0,1,0
0,0,1
0,1,0
0,1,0
0,1,0
0,0,1
0,0,1
0,1,0
0,1,0
0,1,0
0,1,0
0,0,1
0,0,1
0,1,0
0,1,0
0,1,0
0,0,1
0,1,0
0,1,0
0,1,0
0,1,0
0,1,0
0,1,0
0,0,1
0,0,1
0,0,1
0,1,0
0,1,0
0,0,1
0,0,1
1,0,0
1,0,0
